section,entity,year,description_html,source,tags
Administrative Law,Consumer Financial Protection Bureau v. Community Financial Services Association of America,2024,"Six scholars of constitutional law and early American history filed a <a href=""https://www.brennancenter.org/sites/default/files/2024-06/cfpb-v-cfsa-professors.pdf"" target=""blank"">brief</a><a href=""https://www.brennancenter.org/sites/default/files/2024-06/cfpb-v-cfsa-professors.pdf"" target=""blank""> </a>in Consumer Financial Protection Bureau v. Community Financial Services Association of America, a case that upheld the constitutionality of the funding scheme that Congress established for the Consumer Financial Protection Bureau. The brief, which supports the funding scheme, explains that the Constitution's Appropriations Clause gives Congress alone the power to decide how federal agencies are funded. Drawing on the history of legislative appropriations beginning in England several centuries before the American Revolution and continuing through the 19th century, the amici conclude that Congress was exercising its constitutionally conferred authority when it designed the bureau's funding mechanism.","<a href=""https://www.brennancenter.org/sites/default/files/2024-06/cfpb-v-cfsa-professors.pdf"" target=""blank"">Brief of Professors of History and Constitutional Law as Amici Curiae in Support of Petitioners</a>","Administrative Law, Appropriations Clause, Congressional Power, Federal Agencies, Independent Agencies"
Administrative Law,Loper Bright Enterprises v. Raimondo (2024); Relentless v. Department of Commerce,2024,"Three legal historians filed a <a href=""https://www.brennancenter.org/sites/default/files/2024-06/relentless-v-department-of-commerce-historians.pdf"" target=""blank"">brief</a> in Relentless v. Department of Commerce, a case in which the Supreme Court was asked to end Chevron deference - a doctrine that called federal courts to defer to federal agencies' interpretations of ambiguous statutes. The brief, which supports Chevron's constitutionality, describes a long history of federal courts deferring to federal agencies' decision-making that began in the founding era and continued through the 20th century. It also shows that judicial deference to federal agencies' legal interpretations is consistent with the founding generation's understanding of the separation of powers.","<a href=""https://www.brennancenter.org/sites/default/files/2024-06/relentless-v-department-of-commerce-historians.pdf"" target=""blank"">Brief of Amici Curiae Historians Gautham Rao, Richard R. John, and Jane Manners in Support of Respondents</a>","Administrative Law, Federal Agencies, Separation of Powers"
Administrative Law,Securities and Exchange Commission v. Jarkesy,2024,"A scholar of American history and law filed a <a href=""https://www.brennancenter.org/sites/default/files/2024-06/securities-and-exchange-commission-v-jarkesy-jed-h-shugerman.pdf"" target=""blank"">brief</a> in Securities and Exchange Commission v. Jarkesy, which ruled that the Seventh Amendment entitles defendants to a jury trial when the Securities and Exchange Commission (SEC) seeks civil penalties. In supporting the constitutionality of the statutory provisions shielding the SEC's administrative law judges from removal by the president, the brief explains that the original understanding of the president's removal power was not unfettered. Rather, the history of pre-founding England and the early United States reveals that insulating executive officials (like the SEC's judges) from removal was consistent with the understanding of executive power enshrined in the Constitution.","<a href=""https://www.brennancenter.org/sites/default/files/2024-06/securities-and-exchange-commission-v-jarkesy-jed-h-shugerman.pdf"" target=""blank"">Brief of Amicus Curiae Professor Jed H. Shugerman in Support of Petitioner</a>","Administrative Law, Federal Agencies, Seventh Amendment"
Affirmative Action,Parents Involved in Community Schools v. Seattle School District No. 1,2007,"The Supreme Court received multiple filings from historians in Parents Involved in Community Schools v. Seattle School District No. 1, which ruled that a public school district's approach to considering race in its student assignment processes violated the 14th Amendment's Equal Protection Clause.<br><br>Sixty historians of Reconstruction and the civil rights era filed a <a href=""https://www.brennancenter.org/media/14117/download/parents-involved-in-community-schools-v-seattle-brief-of-historians.pdf?inline=1"" target=""blank"">brief</a> in support of the district's assignment policies. The brief argues that those policies align with the 14th Amendment's original purpose and intent, as well as the amendment's early implementation. The amici explain that the Reconstruction Amendments' primary goal was to &quot;incorporate[e] Blacks into the civic, economic, and political mainstream of American society.&quot; They also describe race-conscious programs that were established at the national and local levels to accomplish this goal, including a series of programs Congress approved and funded to integrate schools.<br><br><a href=""https://www.brennancenter.org/media/14117/download/parents-involved-in-community-schools-v-seattle-brief-of-historians.pdf?inline=1"" target=""blank"">Brief of Historians as Amici Curiae in Support of Respondents</a><br><br>Eight historians and legal scholars of the civil rights era also filed a <a href=""https://www.brennancenter.org/media/14118/download/parents-involved-in-community-schools-v-seattle-civil-rights-era-historians.pdf?inline=1"" target=""blank"">brief</a> in support of the district's assignment policies. The brief explores these policies as part of the nation's long-running attempts to overcome racial segregation in schools, reflecting the historical role of public schools as &quot;engines of democracy and opportunity.&quot; The amici also emphasize that these kinds of policies represent a democratic consensus achieved over time, and that such policies are &quot;fully consistent with the Court's education and school desegregation jurisprudence.&quot; The brief explains that there is a long history and tradition of recognizing the autonomy of local schools and deferring to elected officials on matters of educational policy.","<a href=""https://www.brennancenter.org/media/14118/download/parents-involved-in-community-schools-v-seattle-civil-rights-era-historians.pdf?inline=1"" target=""blank"">Brief of Historians of the Civil Rights Era William H. Chafe, Davison Douglas, Charles Payne, Tomiko Brown-Nagin, Kenneth Mack, Risa Goluboff, Kevin Kruse and Matt Lassiter as Amici Curiae Supporting Respondents</a>","Affirmative Action, Equal Protection Clause, 14th Amendment, Racial Discrimination"
Affirmative Action,Schuette v. Coalition to Defend Affirmative Action,2014,"Seventy-six historians and scholars of the Civil War, Reconstruction, and race and the law filed a <a href=""https://www.brennancenter.org/media/14121/download/schuette-v-coalition-to-defend-affirmative-action-paul-finkelman-and-historians.pdf?inline=1"" target=""blank"">brief</a> in Schuette v. Coalition to Defend Affirmative Action, a case that considered the constitutionality of a state constitutional amendment prohibiting race- and sex-based discrimination and preferential treatment in public university admissions. The brief argues that the framers drafted the 14th Amendment to remove special burdens on racial minorities' ability to seek legislative change. The amici explain that after the Civil War, formerly enslaved Black men and women could not seek legislative change to address continued systemic racial exclusion and violence. The brief describes both the 14th Amendment and the Civil Rights Act of 1866 as products of a concerted effort to remedy this state of affairs.","<a href=""https://www.brennancenter.org/media/14121/download/schuette-v-coalition-to-defend-affirmative-action-paul-finkelman-and-historians.pdf?inline=1"" target=""blank"">Brief of Paul Finkelman and 75 Other Historians and Scholars as Amici Curiae in Support of Respondents</a>","Affirmative Action, Equal Protection Clause, 14th Amendment, Racial Discrimination, Sex Discrimination"
Affirmative Action,Students for Fair Admissions v. President and Fellows of Harvard College,2023,"Eighteen historians and law professors who specialize in 19th-century U.S. history filed a <a href=""https://www.brennancenter.org/sites/default/files/2025-01/sffa-harvard-unc-professors-of-history-and-law.pdf"" target=""blank"">brief</a> in Students for Fair Admissions v. President and Fellows of Harvard College, a case that declared race-conscious college admissions policies unconstitutional. The brief, filed in defense of those policies, explains that the Reconstruction Congress designed the 14th Amendment to further racial equality, and that it embraced a variety of race-conscious efforts to achieve that goal. Consequently, the amici emphasize, the 14th Amendment would not prohibit race-conscious admissions policies.","<a href=""https://www.brennancenter.org/sites/default/files/2025-01/sffa-harvard-unc-professors-of-history-and-law.pdf"" target=""blank"">Brief of Professors of History and Law as Amici Curiae in Support of Respondents</a>","Affirmative Action, Equal Protection Clause, 14th Amendment, Racial Discrimination"
Affirmative Action,Flores-Villar v. United States,2011,"Eight scholars of history, political science, and law who specialize in the history of citizenship and gender filed a <a href=""https://www.brennancenter.org/sites/default/files/2025-03/flores-villar-professors-of-history.pdf"" target=""blank"">brief</a> in Flores-Villar v. United States, a case that considered a constitutional challenge to federal statutory conditions under which children born abroad can claim U.S. citizenship. At the time of the challenge, federal law had different requirements for unwed American mothers and fathers to pass citizenship to a child of theirs born outside the United States. The brief argues that federal laws governing citizenship transmission have reflected sex-based stereotypes and outdated gender norms since the founding era.","<a href=""https://www.brennancenter.org/sites/default/files/2025-03/flores-villar-professors-of-history.pdf"" target=""blank"">Brief Amici Curiae of Professors of History, Political Science, and Law in Support of Petitioner</a>","Citizenship, Due Process Clause, Equal Protection Clause, Fifth Amendment, Gender, Immigration, Sex Discrimination"
Affirmative Action,Sessions v. Morales-Santana,2017,"Thirteen scholars of history, law, and political science with expertise in the history of citizenship and gender filed a <a href=""https://www.brennancenter.org/sites/default/files/2025-03/lynch-v-morales-santana.pdf"" target=""blank"">brief</a> in Sessions v. Morales-Santana, which invalidated a federal statute that treated unwed American fathers and mothers differently for purposes of passing citizenship to children born abroad. The brief canvasses historical citizenship laws to demonstrate the federal government's pattern of relying on &quot;outdated gender-based norms concerning proper parental roles&quot; to regulate citizenship transmission. The amici maintain that laws of this kind contradict the Supreme Court's equal protection and due process principles.","<a href=""https://www.brennancenter.org/sites/default/files/2025-03/lynch-v-morales-santana.pdf"" target=""blank"">Brief Amici Curiae of Professors of History, Political Science, and Law in Support of Respondent</a>","Citizenship, Due Process Clause, Equal Protection Clause, Fifth Amendment, Gender, Immigration, Sex Discrimination"
Affirmative Action,Department of Commerce v. New York,2019,"Six historians and social scientists filed a <a href=""https://www.brennancenter.org/sites/default/files/legal-work/Historians%20and%20Social%20Scientists_Amicus%20Brief.pdf"" target=""blank"">brief</a> in Department of Commerce v. New York, a case in which the Supreme Court blocked the Commerce Department's decision to add a citizenship question to the 2020 census. The brief challenges the Commerce Department's claim that the decision was merely a &quot;reinstatement&quot; of a question &quot;whose pedigree dates back nearly 200 years.&quot; The amici explain that the census has never asked for the citizenship status of everyone in the country, and that, more importantly, the census has changed in material ways that limit older iterations' applicability as models for contemporary ones.","<a href=""https://www.brennancenter.org/sites/default/files/legal-work/Historians%20and%20Social%20Scientists_Amicus%20Brief.pdf"" target=""blank"">Brief of Historians and Social Scientists Margo Anderson, Andrew Beveridge, Rachel Buff, Morgan Kousser, Mae Ngai, and Steven Ruggles as Amici Curiae in Support of Respondents</a>","Census, Citizenship, Democracy"
Affirmative Action,Department of Homeland Security v. Regents of the University of California,2020,"The American Historical Association, the Organization of American Historians, and 42 historians filed a <a href=""https://www.brennancenter.org/sites/default/files/2025-03/department-of-homeland-security-v-regents-of-the-university-of-california-aha-oah-etc.pdf"" target=""blank"">brief</a> in Department of Homeland Security v. Regents of the University of California, which ruled that the decision by the Department of Homeland Security (DHS) to rescind the Deferred Action for Childhood Arrivals (DACA) policy violated the Administrative Procedure Act. The brief, filed in support of DACA, illustrates how government officials have used seemingly race-neutral language to hide discriminatory motivations and communicate racial and political messages over the course of U.S. history. The amici apply a methodology called code word analysis to elucidate the anti-Mexican and anti-Latino sentiment underlying DHS's decision.","<a href=""https://www.brennancenter.org/sites/default/files/2025-03/department-of-homeland-security-v-regents-of-the-university-of-california-aha-oah-etc.pdf"" target=""blank"">Amici Curiae Brief of American Historical Association, Organization of American Historians, 42 Historians, and the Fred T. Korematsu Center for Law and Equality in Support of Respondents</a>","Deferred Action for Childhood Arrivals, Fifth Amendment, Immigration, Racial Discrimination"
Affirmative Action,Trump v. New York,2020,"Eleven historians and social scientists with expertise covering the census and immigration filed a <a href=""https://www.brennancenter.org/sites/default/files/2025-01/trump-v-new-york-historians-of-the-census.pdf"" target=""blank"">brief</a> in Trump v. New York, a case involving a constitutional challenge to a 2020 executive order that sought to exclude undocumented immigrants from the population counts used to calculate the decennial congressional apportionment. The brief argues that the Constitution requires all people, regardless of citizenship or immigration status, to be counted in the census and included in the apportionment base. The amici support this claim by providing historical context for the framers' crafting of the Apportionment and Enumeration Clauses, along with discussions of the 14th Amendment, the Reapportionment and Census Act of 1929, and census practice over the centuries. They emphasize that the census was created and has historically served as &quot;a measure of population, not political membership.&quot;","<a href=""https://www.brennancenter.org/sites/default/files/2025-01/trump-v-new-york-historians-of-the-census.pdf"" target=""blank"">Brief of Amici Curiae Historians of the Census in Support of Appellees</a>","Apportionment Clause, Census, Citizenship, Democracy, Enumeration Clause, 14th Amendment"
Affirmative Action,United States v. Palomar-Santiago,2021,"Three scholars of immigration law filed a <a href=""https://www.brennancenter.org/sites/default/files/2025-03/us-v-palomar-santiago-professors.pdf"" target=""blank"">brief</a> in United States v. Palomar-Santiago, a case that considered the statutory prerequisites for a federal court to dismiss a removal order. The brief explains that the federal statute at issue originated in a racist intent to exclude Mexican immigrants from the United States, and that Congress failed to address that intent when it reenacted the statute in the 1950s. The amici urge the Court to construe the statute's ambiguities in ways that favor defendants seeking to challenge their removal as a way of ameliorating the statute's discriminatory effects.","<a href=""https://www.brennancenter.org/sites/default/files/2025-03/us-v-palomar-santiago-professors.pdf"" target=""blank"">Brief for Professors Kelly Lytle Hernández, Mae Ngai, and Ingrid Eagly as Amici Curiae Supporting Respondent</a>","Immigration, Racial Discrimination"
Affirmative Action,Department of State v. Muñoz,2024,"Eight immigration law and history scholars filed a <a href=""https://www.brennancenter.org/sites/default/files/2024-06/us-department-of-state-v-munoz-immigration-law-and-history-scholars.pdf"" target=""blank"">brief</a> in Department of State v. Muñoz, which ruled, among other things, that an American citizen does not have a constitutionally protected right to bring a noncitizen spouse to the United States. The brief examines historical immigration policies to illustrate the nation's long-standing commitment and deeply rooted interest in family reunification. The amici explain that even in times of significant immigration restrictions, immigration policies made exceptions and granted special accommodations for immediate family members.","<a href=""https://www.brennancenter.org/sites/default/files/2024-06/us-department-of-state-v-munoz-immigration-law-and-history-scholars.pdf"" target=""blank"">Brief of Immigration Law and History Scholars as Amici Curiae in Support of Respondents</a>","Citizenship, Immigration"
Affirmative Action,Trump v. CASA,2025,"The Supreme Court received multiple filings from historians in Trump v. CASA, a case that raised questions about the legality of nationwide injunctions barring the Trump administration's executive order rescinding birthright citizenship.<br><br>Six legal historians with expertise in the history of equity filed a <a href=""https://www.brennancenter.org/media/14041/download/trump-v-casa-legal-historians.pdf?inline=1"" target=""blank"">brief</a> supporting injunctions as traditional equitable remedies. The brief explains that courts of equity historically granted injunctions that protected both parties and non-parties to a case, as well as injunctions that had broad geographic scopes. The amici provide historical context to help explain the relative lack of nationwide injunctions prior to the 20th century, pointing to changes in sovereign immunity, jurisdiction, and venue that eliminated legal and practical hurdles to those injunctions.<br><br><a href=""https://www.brennancenter.org/media/14041/download/trump-v-casa-legal-historians.pdf?inline=1"" target=""blank"">Brief of Legal Historians as Amici Curiae in Support of Respondents</a><br><br>Three legal historians and scholars of immigration law and history filed a <a href=""https://www.brennancenter.org/media/14040/download/trump-v-casa-chin-et-al.pdf?inline=1"" target=""blank"">brief</a> in support of nationwide injunctions and in opposition to the executive order. The brief explains that the order threatened to disproportionately affect Asian Americans and reverse &quot;a century's worth of efforts&quot; to ensure equal treatment for Asian Americans. Among other things, the amici highlight the importance of constitutional birthright citizenship guarantees for Asian Americans, who faced exclusionary immigration and naturalization policies that denied them pathways to naturalization throughout the 19th and 20th centuries.","<a href=""https://www.brennancenter.org/media/14040/download/trump-v-casa-chin-et-al.pdf?inline=1"" target=""blank"">Brief for Professors Gabriel J. Chin, Erika Lee, and Paul Finkelman as Amici Curiae in Support of Respondents</a>","Citizenship, Citizenship Clause, 14th Amendment, Nationwide Preliminary Injunctions"
Executive Power,Hamdan v. Rumsfeld,2006,"The Supreme Court received multiple filings from historians in Hamdan v. Rumsfeld, a case that considered the legality of a special military commission established by the executive branch to try enemy combatants during the war on terror.<br><br>Three legal historians filed a <a href=""https://www.brennancenter.org/media/14312/download/hamdan-v-rumsfeld-lawrence-friedman-et-al.pdf?inline=1"" target=""blank"">brief</a> challenging the contention that executive military commissions historically had tried enemy combatants under procedures set solely by the president. The brief looks to the Barbary Wars, a pair of early 19th-century wars that the United States fought with several North African states, to demonstrate that the founding generation followed &quot;recognized international law and custom&quot; in dealing with &quot;unconventional enemies.&quot; Among other things, the amici explain that these customs included &quot;extraordinary deference to standard military detention and adjudication procedures.&quot;<br><br><a href=""https://www.brennancenter.org/media/14312/download/hamdan-v-rumsfeld-lawrence-friedman-et-al.pdf?inline=1"" target=""blank"">Brief of Lawrence M. Friedman, Jonathan Lurie, and Alfred P. Rubin as Amici Curiae in Support of Petitioner</a><br><br>Three historians and legal scholars filed a <a href=""https://www.brennancenter.org/sites/default/files/2025-08/hamdan-v-rumsfeld-legal-scholars-and-historians.pdf"" target=""blank"">brief</a> challenging the government's reliance on Ex Parte Quirin (1942) to justify ordering trials by military commission. The brief draws on the historical circumstances surrounding Quirin to condemn it as &quot;an illegitimate precedent that offends this nation's modern sense of justice.&quot; To support their claim, the amici point to judicial bias and conflicts of interest among the Supreme Court justices who issued the ruling.<br><br><a href=""https://www.brennancenter.org/sites/default/files/2025-08/hamdan-v-rumsfeld-legal-scholars-and-historians.pdf"" target=""blank"">Brief of Legal Scholars and Historians as Amici Curiae in Support of Petitioner</a><br><br>Eight historians of the founding era and early American military history filed a <a href=""https://www.brennancenter.org/media/14311/download/hamdan-v-rumsfeld-jack-rakove-et-al.pdf?inline=1"" target=""blank"">brief</a> opposing the commission. Their brief responds to the argument that the founders held an expansive view of executive power that granted the president unilateral authority and significant discretion in dealing with military and diplomatic affairs. The brief argues that the founding generation instead sought legislative supervision and control of the executive, in keeping with a deeper Anglo-American rejection of monarchical ideas of executive prerogative. In light of this understanding, the amici assert, the framers divided the powers relating to military and foreign affairs between the president and Congress.<br><br><a href=""https://www.brennancenter.org/media/14311/download/hamdan-v-rumsfeld-jack-rakove-et-al.pdf?inline=1"" target=""blank"">Brief of Amici Curiae Jack N. Rakove, Fred Anderson, Caroline Cox, R. Don Higginbotham, Charles A. Lofgren, Robert L. Middlekauf, Lois G. Schwoerer, and John Shy in Support of Petitioner</a><br><br>Eight scholars of military history and law filed a <a href=""https://www.brennancenter.org/media/14313/download/hamdan-v-rumsfeld-military-law-historians.pdf?inline=1"" target=""blank"">brief</a> contesting the legality of the commission. The brief argues that the president's power to create procedures for military commissions is limited by, among other things, the historical understanding of military commissions as provided by Article 36 of the Uniform Code of Military Justice. To support their assertions, the amici examine the code's legislative history, beginning with the 1916 Revised Articles of War and subsequent revisions, as well as the history of military commissions during the Mexican War, the Civil War, and the military occupation of the Philippines.","Brief of Military Law Historians, Scholars, and Practitioners (Military Commissions and the Articles of War)","Executive Power, Foreign Affairs, Military"
Executive Power,Trump v. Hawaii,2018,"Twenty-one scholars of American religious history law filed a <a href=""https://www.brennancenter.org/media/14137/download/trump-v-hawaii-mormon-scholars.pdf?inline=1"" target=""blank"">brief</a> in Trump v. Hawaii, a case that considered the legality of an executive order suspending the entry of foreign nationals into the United States. The brief, filed in support of neither party to the case, focuses on the history of religious discrimination against Mormon immigrants to alert the Court to the importance of strict judicial scrutiny of laws motivated by fears of religious minorities.","<a href=""https://www.brennancenter.org/media/14137/download/trump-v-hawaii-mormon-scholars.pdf?inline=1"" target=""blank"">Brief of Scholars of Mormon History and Law as Amici Curiae in Support of Neither Party</a>","Establishment Clause, Executive Power, First Amendment, Immigration, Religion"
Executive Power,Trump v. United States,2024,"Fifteen historians of the founding era filed a <a href=""https://www.brennancenter.org/sites/default/files/2024-06/trump-v-us-scholars-of-the-founding-era.pdf"" target=""blank"">brief</a> in Trump v. United States, a case that granted broad new immunities from criminal prosecution to presidents for acts they commit while in office. In urging the Court to reject such immunities, the brief explains that presidential immunity contradicts the founding generation's rejection of monarchical privilege and concerns about abuses of executive power. The amici also argue that attempts by presidents to overturn the results of elections constitute fundamental crimes against the democratic order.","<a href=""https://www.brennancenter.org/sites/default/files/2024-06/trump-v-us-scholars-of-the-founding-era.pdf"" target=""blank"">Brief of Amici Curiae Scholars of the Founding Era in Support of Respondent</a>","Democracy, Elections, Executive Power, Presidential Immunity"
Executive Power,Learning Resources v. Trump (2026); Trump v. V.O.S. Selections,2026,"Nine scholars of the history of constitutional law and the presidency filed a <a href=""https://www.brennancenter.org/sites/default/files/2026-01/learning-resources-v-trump-con-law-scholars.pdf"" target=""blank"">brief</a> in Learning Resources v. Trump and Trump v. V.O.S. Selections, two cases in which the Supreme Court considered whether President Trump exceeded his legal authority when setting tariffs under the International Emergency Economic Powers Act (IEEPA). The brief argues that Congress has held plenary authority over the nation's tariff power since the founding era, and that it can only delegate that power to the president &quot;within defined bounds.&quot; The brief explains that the legislative framework under which President Trump claimed to be acting was one in which Congress deliberately sought to restrain presidential authority over tariffs, not expand it. The brief concludes that, absent a clear delegation from Congress, the president had exceeded his authority under the &quot;major questions doctrine.&quot;","<a href=""https://www.brennancenter.org/sites/default/files/2026-01/learning-resources-v-trump-con-law-scholars.pdf"" target=""blank"">Brief of Amici Curiae Scholars of the History of Constitutional Law and the Presidency in Support of Petitioners in No. 24-1287 and Respondents in No. 25-520</a>","Executive Power, International Emergency Economic Powers Act, Tariffs"
Executive Power,Trump v. Cook,2026,"The Supreme Court received multiple filings from historians in Trump v. Cook, a case that considered the legality of the Trump administration's attempt to remove a member of the Federal Reserve Board of Governors.<br><br>A legal historian with expertise in early American law and presidential power filed a <a href=""https://www.brennancenter.org/media/14631/download/manners-amicus-brief.pdf?inline=1"" target=""blank"">brief</a> exploring the history of statutes that give the heads of independent agencies - like the Federal Reserve - terms with fixed-year durations and allow presidents to remove those heads only &quot;for cause.&quot; Based on a survey of 19th- and early 20th-century state and federal case law, the brief argues that Congress required any such removal of agency heads to be accompanied by notice and a hearing. The brief further explains that courts have the power to review the president's determination of &quot;cause&quot; for the firing.<br><br><a href=""https://www.brennancenter.org/media/14631/download/manners-amicus-brief.pdf?inline=1"" target=""blank"">Brief of Professor Jane Manners as Amicus Curiae in Support of Respondents</a><br><br>A legal historian with expertise in the history of executive power filed a <a href=""https://www.brennancenter.org/sites/default/files/2025-11/jed-shugerman-stay-pi.pdf?inline=1"" target=""blank"">brief</a> tracing centuries of English common law and early American case law to explain that when Congress creates an office with a fixed term or with protection against presidential removal, it grants the officeholder a property interest in their office. As such, officeholders must receive fair notice and a meaningful opportunity to respond before they can be removed. It further argues that, from a historical perspective, these protections are consistent with the president's constitutional duty to faithfully execute the laws.","<a href=""https://www.brennancenter.org/sites/default/files/2025-11/jed-shugerman-stay-pi.pdf?inline=1"" target=""blank"">Brief of Amicus Curiae Jed Shugerman in Opposition to the Application to Stay the Preliminary Injunction</a>","Executive Power, Federal Agencies, Independent Agencies, Officer Removal"
Executive Power,Trump v. Slaughter,2026,"The Supreme Court received multiple filings from historians in Trump v. Slaughter, a case that considered the constitutionality of statutory removal protections for commissioners of the Federal Trade Commission (FTC) after the president attempted to fire a commissioner.<br><br>A legal historian with expertise in early American law and presidential power filed a <a href=""https://www.brennancenter.org/sites/default/files/2025-11/manners-brief-slaughter.pdf?inline=1"" target=""blank"">brief</a> supporting the fired commissioner. The brief argues that the president has no inherent authority to remove independent agency officers at will and that Congress has well-settled constitutional authority to limit the president's removal power. The brief surveys the history of these limitations to demonstrate that they were derived from robust common law and state law precedents, deployed by early American state legislatures, codified by Congress in the 19th century without any constitutional controversy, and routinely adopted to throughout the 20th century to create new independent agencies.<br><br><a href=""https://www.brennancenter.org/sites/default/files/2025-11/manners-brief-slaughter.pdf?inline=1"" target=""blank"">Brief of Amicus Curiae Professor Jane Manners in Support of Respondents</a><br><br>Two scholars of constitutional law, presidential power, and American legal history filed a <a href=""https://www.brennancenter.org/media/14714/download/slaughter-gienapp-and-katz.pdf?inline=1"" target=""blank"">brief</a> reviewing recent historical scholarship to show that the early Congresses did not think that the president had an inherent constitutional authority to remove officers - much less an unlimited authority to remove them. Rather, the historians explain, Congress determined the existence and extent of the president's removal authority by way of legislation, sometimes choosing to vest removal authority in non-executive branch entities to ensure effective administration. The brief concludes that the structure of contemporary independent agencies is consistent with this early historical practice.<br><br><a href=""https://www.brennancenter.org/media/14714/download/slaughter-gienapp-and-katz.pdf?inline=1"" target=""blank"">Brief for Amici Curiae Professor Andrea Scoseria Katz and Professor Jonathan Gienapp in Support of Respondents</a><br><br>Two historians of constitutional and administrative law filed a <a href=""https://www.brennancenter.org/sites/default/files/2025-11/slaughter-rosenblum-and-donahue.pdf?inline=1"" target=""blank"">brief</a> that explores the longstanding state and federal precedent for categorizing agency activity as &quot;quasi-legislative&quot; and &quot;quasi-judicial,&quot; as well as the precedent for protecting officers performing that activity from removal. The brief maintains that the histories behind these terms were well understood when the Supreme Court deployed them in Humphrey's Executor v. United States (1935).<br><br><a href=""https://www.brennancenter.org/sites/default/files/2025-11/slaughter-rosenblum-and-donahue.pdf?inline=1"" target=""blank"">Brief of Amici Curiae Legal Historians Noah A. Rosenblum and Nathaniel Donahue in Support of the Respondents</a><br><br>A legal historian with expertise in the history of executive power filed a <a href=""https://www.brennancenter.org/sites/default/files/2025-11/jed-shugerman.pdf?inline=1"" target=""blank"">brief</a> presenting an originalist defense of removal protections for independent agency officers. The brief centers on the Constitution's Necessary and Proper Clause, drawing on the text and original public meaning of the clause to conclude that Congress can legislate certain exceptions to the president's removal power for &quot;necessary ends and [with] proper means.&quot;","<a href=""https://www.brennancenter.org/sites/default/files/2025-11/jed-shugerman.pdf?inline=1"" target=""blank"">Brief Amicus Curiae of Professor Jed Handelsman Shugerman in Support of Respondents</a>","Executive Power, Federal Agencies, Independent Agencies, Officer Removal"
Federal Indian Law,Dollar General v. Mississippi Band of Choctaw Indians,2016,"Seven historians and legal scholars of federal Indian law and legal history filed a <a href=""https://www.brennancenter.org/media/13962/download/dollar-general-corp-v-mississippi-band-of-choctaw-indians-2015_1.pdf?inline=1"" target=""blank"">brief</a> in Dollar General v. Mississippi Band of Choctaw Indians, a case that considered whether tribal courts had jurisdiction in civil tort suits against nonmembers. The brief argues that tribal jurisdiction over nonmembers' activities on tribal land - and over civil disputes arising from those activities - extends from tribes' historical inherent sovereignty. According to the amici, the historical record demonstrates that this jurisdiction has been recognized for centuries, beginning with the first treaties ever signed between a Native American tribe and the United States, and that the federal government has upheld this principle throughout the nation's subsequent history.","<a href=""https://www.brennancenter.org/media/13962/download/dollar-general-corp-v-mississippi-band-of-choctaw-indians-2015_1.pdf?inline=1"" target=""blank"">Brief for Amici Curiae Historians and Legal Scholars Gregory Ablavsky, Bethany R. Berger, Ned Blackhawk, Daniel Carpenter, Matthew L. M. Fletcher, Maggie McKinley, and Joseph William Singer in Support of Respondents</a>",Federal Indian Law
Federal Indian Law,McGirt v. Oklahoma,2020,"Nine historians and legal scholars with expertise in Oklahoma history and federal Indian law and policy joined the Cherokee Nation to file a <a href=""https://www.brennancenter.org/media/13963/download/mcgirt-v-oklahoma-historians-legal-scholars-and-cherokee-nation.pdf?inline=1"" target=""blank"">brief</a> in McGirt v. Oklahoma, a case that considered whether, under the Major Crimes Act of 1885, land reserved for the Creek Nation remained &quot;Indian country&quot; for purposes of determining federal jurisdiction over a crime committed by a tribal member on tribal land. The brief argues that the Creek Nation remains an established tribal authority. The amici explain that although various attempts were made during the 19th and 20th centuries to disestablish the Creek Nation - through settler invasion, removal policy, assimilation policy, and other policies - these policies failed, and the Creek Nation retains the &quot;same governmental authority as other tribes nationwide.&quot;","Brief of Amici Curiae Historians, Legal Scholars, and Cherokee Nation in Support of Petitioner","Federal Indian Law, Major Crimes Act of 1885"
Federal Indian Law,Sharp v. Murphy,2020,"Ten historians and legal scholars of Oklahoma history and federal Indian law and policy joined the Cherokee Nation to file a <a href=""https://www.brennancenter.org/media/13964/download/sharp-v-murphy-historians-legal-scholars-and-cherokee-nation.pdf?inline=1"" target=""blank"">brief</a> in Sharp v. Murphy, a case that considered whether, under the Major Crimes Act of 1885, land reserved for the Creek Nation remained &quot;Indian country&quot; for purposes of determining federal jurisdiction for a crime committed by a tribal member on tribal land. The brief argues that the contested land has the same jurisdictional status as Indian lands elsewhere and was never disestablished, notwithstanding the conduct of the federal government and the state of Oklahoma toward the Creek Nation over the course of the 19th and 20th centuries. The amici trace the history of the Creek Nation from the 1830s onward to show, among other things, that state prosecutions of crimes that occurred on the reservation were carried out in defiance of federal law and state and federal precedents.","<a href=""https://www.brennancenter.org/media/13964/download/sharp-v-murphy-historians-legal-scholars-and-cherokee-nation.pdf?inline=1"" target=""blank"">Brief of Amici Curiae Historians, Legal Scholars, and Cherokee Nation in Support of Respondent</a>","Federal Indian Law, Major Crimes Act of 1885"
Federal Indian Law,Oklahoma v. Castro-Huerta,2022,"Three scholars of federal Indian law and history filed a <a href=""https://www.brennancenter.org/media/13965/download/oklahoma-v-castro-huerta-federal-indian-law-scholars-and-historians.pdf?inline=1"" target=""blank"">brief</a> in Oklahoma v. Castro-Huerta, a case that considered whether both states and the federal government have the power to prosecute non-Native American individuals for crimes they commit against Native people on Native land. The brief argues that only the federal government can prosecute crimes of this type, in keeping with more than 200 years of law and practice. The amici trace this principle from the Constitution through 21st-century congressional legislation. The brief emphasizes that any state jurisdiction over crimes by or against Native people on Native land &quot;is a matter of federal legislative grace.&quot;","<a href=""https://www.brennancenter.org/media/13965/download/oklahoma-v-castro-huerta-federal-indian-law-scholars-and-historians.pdf?inline=1"" target=""blank"">Brief of Amici Curiae Federal Indian Law Scholars and Historians in Support of Respondent</a>",Federal Indian Law
Federal Indian Law,Arizona v. Navajo Nation,2023,"Five scholars who specialize in the history of relations between Native American nations and the United States filed a <a href=""https://www.brennancenter.org/media/13969/download/arizona-v-navajo-brief-of-historians_0.pdf?inline=1"" target=""blank"">brief</a> in Arizona v. Navajo Nation, which ruled that the federal government's failure to assert Colorado River water rights for the Navajo Tribe did not violate the government's legal duties to the tribe. The brief argues that the federal government failed to fulfill the trust doctrine, a legal mandate that has defined the federal government's relationships with Native nations throughout the country's history. Among other things, the amici describe how Congress and the executive branch have bound themselves since the founding era to protect and care for Native American nations, including by ensuring that they have adequate water for their homelands.","<a href=""https://www.brennancenter.org/media/13969/download/arizona-v-navajo-brief-of-historians_0.pdf?inline=1"" target=""blank"">Brief of Amici Curiae Historians in Support of Respondents</a>",Federal Indian Law
Federal Indian Law,Haaland v. Brackeen,2023,"The Supreme Court received multiple filings from historians in Haaland v. Brackeen, a case that upheld the constitutionality of the Indian Child Welfare Act of 1978 (ICWA).<br><br>The American Historical Association and the Organization of American Historians filed a <a href=""https://www.brennancenter.org/media/13972/download/haaland-v-brackeen-aha-and-oah.pdf?inline=1"" target=""blank"">brief</a> in support of ICWA's constitutionality. The amici situate ICWA in a history and tradition of federal regulation of Native children and families dating back to the founding era and stretching into the 20th century, arguing that, in that respect, the statute falls within Congress's constitutional powers. The brief further shows how ICWA sought to correct failed federal policies - including those that encouraged state governments to separate large numbers of Native children from their families and their nations - by strengthening tribal jurisdiction and establishing protections against future abuses by the states.<br><br><a href=""https://www.brennancenter.org/media/13972/download/haaland-v-brackeen-aha-and-oah.pdf?inline=1"" target=""blank"">Brief of Amici Curiae American Historical Association and Organization of American Historians in Support of Federal and Tribal Parties</a><br><br>A legal scholar and historian of federal Indian law also filed a <a href=""https://www.brennancenter.org/sites/default/files/2025-09/haaland-v-brackeen-gregory-ablavsky.pdf"" target=""blank"">brief</a> supporting ICWA's constitutionality. The brief looks to the Constitution's text and to early American history and practice to demonstrate the constitutionality of Congress's attempts to regulate Native American affairs, especially on matters of child welfare. The amicus also challenges narrower accounts of federal power over Native affairs, showing how those accounts resemble arguments lodged by state advocates and rejected by courts over the course of several centuries.","<a href=""https://www.brennancenter.org/sites/default/files/2025-09/haaland-v-brackeen-gregory-ablavsky.pdf"" target=""blank"">Brief of Amicus Curiae Professor Gregory Ablavsky in Support of Federal Parties and Tribal Defendants </a>","Federal Indian Law, Indian Child Welfare Act"
Federal Indian Law,District of Columbia v. Heller,2008,"The Supreme Court received multiple filings from historians in District of Columbia v. Heller, which ruled that the Second Amendment guarantees an individual right to bear arms for the purpose of self-defense.<br><br>Fifteen historians of the founding era and early American legal history filed a <a href=""https://www.brennancenter.org/sites/default/files/2025-04/dc-v-heller-rakove-cornell-et-al.pdf"" target=""blank"">brief</a> explaining that the framers did not enshrine a personal right to bear arms in the Second Amendment. The brief explores the amendment's original meaning through a contextual analysis of British law and founding era constitutional debates. The amici show, among other things, that the question of an individual right to bear arms &quot;never crossed the threshold of constitutional significance in 1787-1789.&quot; Instead, they argue, Second Amendment debates centered on the role of militias - thus making the amendment's preamble critical to understanding the content of its guarantees.<br><br><a href=""https://www.brennancenter.org/sites/default/files/2025-04/dc-v-heller-rakove-cornell-et-al.pdf"" target=""blank"">Brief of Amici Curiae Jack N. Rakove, Saul Cornell, David T. Konig, William J. Novak, Lois G. Schwoerer et al. in Support of Petitioners</a><br><br>The CATO Institute and a historian of Anglo-American legal history filed a <a href=""https://www.brennancenter.org/sites/default/files/2025-04/dc-v-heller-malcolm.pdf"" target=""blank"">brief</a> arguing that English common law granted an individual right to bear arms, especially for self-defense, and that the Second Amendment constitutionalized that right. When translated into the American legal context, the amici contend, the right broadened to recognize the importance of facilitating citizen militias, but it remained at its core a personal right for the purposes of defending one's home and family.","<a href=""https://www.brennancenter.org/sites/default/files/2025-04/dc-v-heller-malcolm.pdf"" target=""blank"">Brief of the CATO Institute and History Professor Joyce Lee Malcolm as Amici Curiae in Support of Respondent</a>","Firearms Law, Second Amendment"
Federal Indian Law,McDonald v. City of Chicago,2010,"The Supreme Court received multiple filings from historians in McDonald v. City of Chicago, which held that the individual right to bear arms for self-defense is applicable to the states and municipalities under the 14th Amendment's Due Process Clause.<br><br>Thirty-four historians with expertise in the law, constitutional history, the Second Amendment, and the Reconstruction Amendments filed a <a href=""https://www.brennancenter.org/media/14284/download/mcdonald-v-city-of-chicago-34-professional-historians.pdf?inline=1"" target=""blank"">brief</a> in support of the local firearms ordinances at issue in the case. The brief argues that states' and municipalities' powers to regulate firearms are part of a history and tradition of regulation dating to the antebellum period. The amici demonstrate that after the 14th Amendment was ratified, states continued to enact &quot;reasonable non-discriminatory safety regulations, including regulations banning classes of dangerous weapons.&quot;<br><br><a href=""https://www.brennancenter.org/media/14284/download/mcdonald-v-city-of-chicago-34-professional-historians.pdf?inline=1"" target=""blank"">Brief of Thirty-Four Professional Historians and Legal Historians as Amici Curiae in Support of Respondents</a><br><br>Four historians of early American legal and constitutional history and Pennsylvania history filed a <a href=""https://www.brennancenter.org/media/14295/download/mcdonald-v-city-of-chicago-historians-on-early-american.pdf?inline=1"" target=""blank"">brief</a> in support of the constitutionality of the ordinances. The brief argues that the right to keep and bear arms for militia purposes was the &quot;dominant&quot; motivation for the Second Amendment, and, in turn, that any &quot;right of individual self-defense&quot; recognized at the time of the framing &quot;provided no motivation&quot; for the Second Amendment's adoption.<br><br><a href=""https://www.brennancenter.org/media/14295/download/mcdonald-v-city-of-chicago-historians-on-early-american.pdf?inline=1"" target=""blank"">Brief of Historians on Early American Legal, Constitutional and Pennsylvania History as Amici Curiae in Support of Respondent City of Chicago</a><br><br>Six historians and legal scholars of the 14th Amendment filed a <a href=""https://www.brennancenter.org/media/14291/download/mcdonald-v-city-of-chicago-historians-and-legal-scholars.pdf?inline=1"" target=""blank"">brief</a> to challenge the incorporation of the entirety of the Bill of Rights - including the Second Amendment - against the states. The brief argues that incorporation of this kind would upend 135 years of precedent and the distribution of powers between state and federal governments. The amici further contend that neither the 14th Amendment's plain text, nor its legislative intent or original public meaning, support the incorporation of the Bill of Rights in total - or the Second Amendment alone - against the states.<br><br><a href=""https://www.brennancenter.org/media/14291/download/mcdonald-v-city-of-chicago-historians-and-legal-scholars.pdf?inline=1"" target=""blank"">Brief of Historians and Legal Scholars as Amici Curiae in Support of Respondent City of Chicago, et al.</a><br><br>Twenty-one historians of English and early American history filed a <a href=""https://www.brennancenter.org/media/14288/download/mcdonald-v-city-of-chicago-english-early-american-historians.pdf?inline=1"" target=""blank"">brief</a> in support of the local ordinances. The brief asked the Court to reconsider its prior factual findings in District of Columbia v. Heller (2008), arguing that an individual's right to bear arms for that individual's &quot;self-defense&quot; was not &quot;deeply rooted in our nation's traditions.&quot; The amici explain that the right to &quot;have arms&quot; found in the English Declaration of Rights - which formed the basis of the Second Amendment right - &quot;referred to a right to possess arms in defense of the realm.&quot; The brief further explains that the founders shared this understanding, and that the Second Amendment was drafted to reflect as much.","<a href=""https://www.brennancenter.org/media/14288/download/mcdonald-v-city-of-chicago-english-early-american-historians.pdf?inline=1"" target=""blank"">Brief for English/Early American Historians as Amici Curiae in Support of Respondents</a>","Due Process Clause, Firearms Law, 14th Amendment, Second Amendment"
Federal Indian Law,New York State Rifle & Pistol Association v. Bruen,2022,"The Supreme Court received multiple filings from historians in New York State Rifle &amp; Pistol Association v. Bruen, which declared that a New York state law governing licenses for the concealed carry of firearms violated the Second Amendment.<br><br>Seventeen professors of history and law filed a <a href=""https://www.brennancenter.org/sites/default/files/2025-01/nys-rifle-pistol-v-bruen-professors-of-history-and-law.pdf"" target=""blank"">brief</a> in support of the New York law. The brief emphasizes that both English and American law had, for centuries, restricted the public carry of dangerous weapons to ensure order and peace, as well as sanctioned discretionary licensing regimes. To substantiate that point, the amici survey English and American legal sources from the 13th century through the 20th.<br><br><a href=""https://www.brennancenter.org/sites/default/files/2025-01/nys-rifle-pistol-v-bruen-professors-of-history-and-law.pdf"" target=""blank"">Brief for Amici Curiae Professors of History and Law in Support of Respondents</a><br><br>Four experts in the fields of linguistics, law, and legal history filed a <a href=""https://www.brennancenter.org/sites/default/files/2025-01/nys-rifle-pistol-v-bruen-corpus-linguistics-professors.pdf"" target=""blank"">brief</a> in support of the New York law. The brief uses a corpus linguistics approach to analyze the meaning of the Second Amendment to founding era voters. According to the amici, this approach suggests that ordinary citizens understood that the Second Amendment's reference to a right to &quot;keep and bear arms&quot; had &quot;a collective, militaristic meaning at the Founding,&quot; and that the government could regulate that right. The brief emphasizes that advances in corpus linguistics provide judges and lawyers with access to substantially more historical material than was available at the time the Supreme Court decided District of Columbia v. Heller (2008) and McDonald v. City of Chicago (2010).","<a href=""https://www.brennancenter.org/sites/default/files/2025-01/nys-rifle-pistol-v-bruen-corpus-linguistics-professors.pdf"" target=""blank"">Brief for Corpus Linguistics Professors and Experts as Amici Curiae Supporting Respondents</a>","Firearms Law, Second Amendment"
Federal Indian Law,United States v. Rahimi,2024,"Eighteen historians and scholars of English and American history and law filed a <a href=""https://www.brennancenter.org/sites/default/files/2024-06/us-v-rahimi-professors-of-history-and-law.pdf"" target=""blank"">brief</a> in United States v. Rahimi, a case that upheld a federal law barring individuals under domestic violence restraining orders from possessing firearms. The brief, which supports the law's constitutionality, documents the long-standing history and tradition of restricting &quot;dangerous&quot; individuals from possessing firearms, beginning with English common law and stretching into the 20th century. It also explains how domestic violence was regulated &quot;to protect the public peace&quot; during the founding era. To support their case, the amici draw on published primary and secondary scholarship as well as unpublished primary sources that provide insight into English common law and founding era local customs.","<a href=""https://www.brennancenter.org/sites/default/files/2024-06/us-v-rahimi-professors-of-history-and-law.pdf"" target=""blank"">Brief for Amici Curiae Professors of History and Law in Support of Petitioner</a>","Firearms Law, Second Amendment"
Federal Indian Law,United States v. Hemani,2026,"Seven history and law professors with expertise in the history of firearms regulation and founding era constitutionalism filed a <a href=""https://www.brennancenter.org/media/14899/download/20251219173435386_us-v-hemani-brief-for-amici-curiae-history-and-law-professors-in-support-of-petitioner.pdf?inline=1"" target=""blank"">brief</a> in United States v. Hemani, a case that considered the constitutionality of a federal statute prohibiting any individual who &quot;is an unlawful user of or addicted to any controlled substance&quot; from possessing a firearm. The brief, filed in support of the statute's legality, argues that it conforms with a long national history and tradition of restricting firearm access for people who threaten public safety, including laws restricting firearm possession for alcohol users, people with mental illnesses, minors, and those perceived as a threat to others. In addition, the brief explains that while drug use was not common in early America, legislatures began to restrict the sale of firearms to drug addicts as drug use increased after the Civil War, designing such restrictions in ways closely analogous to restrictions for other threatening behavior.","<a href=""https://www.brennancenter.org/media/14899/download/20251219173435386_us-v-hemani-brief-for-amici-curiae-history-and-law-professors-in-support-of-petitioner.pdf?inline=1"" target=""blank"">Brief for Amici Curiae History and Law Professors in Support of Petitioner</a>","Firearms Law, Second Amendment"
First Amendment Rights,Locke v. Davey,2004,"The Supreme Court received multiple filings from historians in Locke v. Davey, which ruled that the state of Washington did not violate the First Amendment's Free Exercise Clause by prohibiting funding for devotional theology instruction.<br><br>Twenty-four historians and legal scholars of religion and the First Amendment filed a <a href=""https://www.brennancenter.org/sites/default/files/2026-03/locke-v-davey-historians-and-law-scholars.pdf"" target=""blank"">brief</a> supporting the state. The brief challenges the argument that the Washington Constitution's ban on funding reflected anti-Catholic or nativist sentiment. Instead, the amici explain, the state constitution's no-funding principle was based on &quot;principles of religious liberty and rights of conscience&quot; and resembles provisions incorporated into many other state constitutions over the course of the 19th century &quot;for reasons unrelated to anti-Catholic animus.&quot;<br><br><a href=""https://www.brennancenter.org/sites/default/files/2026-03/locke-v-davey-historians-and-law-scholars.pdf"" target=""blank"">Brief Amicus Curiae of Historians and Law Scholars on Behalf of Petitioners Gary Locke, et al.</a><br><br>The Becket Fund for Religious Liberty, the Catholic League for Religious and Civil Rights, and 18 religious historians and legal scholars filed a <a href=""https://www.brennancenter.org/media/14094/download/locke-v-davey-becket-fund-for-religious-liberty-historians-legal-scholars-et-al.pdf?inline=1"" target=""blank"">brief</a> supporting state funding for religious instruction. Situating the Washington Constitution in a broader trend of 19th-century federal and state laws and policies designed to disfavor Catholic schools in particular, the brief argues that Washington's no-funding rule is rooted in nativism and hostility toward European immigrants and their religions.","<a href=""https://www.brennancenter.org/media/14094/download/locke-v-davey-becket-fund-for-religious-liberty-historians-legal-scholars-et-al.pdf?inline=1"" target=""blank"">Brief of Amici Curiae The Becket Fund for Religious Liberty, The Catholic League for Religious and Civil Rights, and Historians and Legal Scholars in Support of Respondent</a>","First Amendment, Free Exercise Clause, Religion"
First Amendment Rights,Burwell v. Hobby Lobby Stores.,2014,"Nine historians and scholars of American history filed a <a href=""https://www.brennancenter.org/sites/default/files/2025-03/burwell-v-hobby-lobby-stores-historians-and-legal-scholars.pdf"" target=""blank"">brief</a> in Burwell v. Hobby Lobby Stores, which ruled that federal regulations requiring for-profit employers with religious objections to provide their employees with health insurance coverage for contraception violated the Religious Freedom Restoration Act. The brief, in support of neither party to the case, explores the history of corporate treatment under the law and argues that the law has not historically granted for-profit businesses the same liberty interests that &quot;natural persons&quot; enjoy.","<a href=""https://www.brennancenter.org/sites/default/files/2025-03/burwell-v-hobby-lobby-stores-historians-and-legal-scholars.pdf"" target=""blank"">Brief of Amici Curiae Historians and Legal Scholars Supporting Neither Party</a>","Affordable Care Act, First Amendment, Free Exercise Clause, Religion, Religious Freedom Restoration Act, Reproductive Rights"
First Amendment Rights,Town of Greece v. Galloway,2014,"Forty legal historians and scholars of religion and law filed a <a href=""https://www.brennancenter.org/media/14042/download/town-of-greece-v-galloway-paul-finkelman-et-al.pdf?inline=1"" target=""blank"">brief</a> in Town of Greece v. Galloway, which held that a town's practice of opening legislative meetings with a prayer does not violate the First Amendment's Establishment Clause. In opposing the town's practice, the brief explains that the framers were particularly concerned about religious language in political discourse that could divide rather than unite; that they believed that religious language in public life should be &quot;universal and non-sectarian&quot;; and that they were averse to coerced religious observation. The amici conclude that because this town's prayer exerted substantial pressure on citizens looking to participate in town politics, the framers would not have supported it.","<a href=""https://www.brennancenter.org/media/14042/download/town-of-greece-v-galloway-paul-finkelman-et-al.pdf?inline=1"" target=""blank"">Brief for Paul Finkelman, Steven K. Green, Michael I. Meyerson, John A. Ragosta, and 36 Other Legal Historians and Scholars of Religion and American Law as Amici Curiae in Support of Respondents</a>","Establishment Clause, First Amendment, Religion"
First Amendment Rights,Zubik v. Burwell,2016,"Seven military historians filed a <a href=""https://www.brennancenter.org/sites/default/files/2025-03/zubik-v-burwell-military-historians.pdf"" target=""blank"">brief</a> in Zubik v. Burwell, a case that challenged accommodations allowing employers with religious objections to opt out of providing contraceptive coverage to their employees, and to pass that cost on to the government or medical insurance companies. The brief argues that American law has long deployed accommodations like those in question to balance the religious liberty of some with the personal interests of others, and to balance both with &quot;the important interests of the government.&quot; The amici draw parallels between the accommodations at issue and historical conscientious objector laws that required people who objected to military service to pay money or provide alternative service to the country.","<a href=""https://www.brennancenter.org/sites/default/files/2025-03/zubik-v-burwell-military-historians.pdf"" target=""blank"">Brief of Military Historians as Amici Curiae in Support of Respondents</a>","Affordable Care Act, First Amendment, Free Exercise Clause, Religion, Religious Freedom Restoration Act, Reproductive Rights"
First Amendment Rights,Trinity Lutheran Church of Columbia v. Comer,2017,"Ten legal and religious historians filed a <a href=""https://www.brennancenter.org/media/14314/download/trinity-lutheran-church-v-pauley-legal-and-religious-historians.pdf?inline=1"" target=""blank"">brief</a> in Trinity Lutheran Church of Columbia v. Comer, a case that considered whether the First Amendment's Free Exercise Clause permits churches to be excluded from a secular state aid program. The brief argues that the no-funding principle found in the Missouri Constitution and other state laws &quot;arose independently of anti-religious animus&quot; and reflected goals of preventing state support of religion and ensuring the financial security of developing public school systems.","<a href=""https://www.brennancenter.org/media/14314/download/trinity-lutheran-church-v-pauley-legal-and-religious-historians.pdf?inline=1"" target=""blank"">Brief of Amici Curiae Legal and Religious Historians, in Support of Respondent</a>","First Amendment, Free Exercise Clause, Religion"
First Amendment Rights,American Legion v. American Humanist Association,2019,"Twenty-two historians and scholars of constitutional history and religious freedom filed a <a href=""https://www.brennancenter.org/media/14046/download/american-legion-v-american-humanist-association-historians-and-legal-scholars.pdf?inline=1"" target=""blank"">brief</a> in American Legion v. American Humanist Association, a case that considered the constitutionality of a Maryland town's display and maintenance of a Latin cross. The brief explains that the framers considered the new nation to be religiously pluralist and sought to ensure that government speech was universal and nonsectarian insofar as it referenced religion. The cross, the amici conclude, violated those commitments. In addition, they urge the Court to recognize that the Establishment Clause sought not only to prevent government coercion but also to avoid government action that could provoke animosity or division among people of different faiths.","<a href=""https://www.brennancenter.org/media/14046/download/american-legion-v-american-humanist-association-historians-and-legal-scholars.pdf?inline=1"" target=""blank"">Brief for Historians and Legal Scholars as Amici Curiae Supporting Respondents</a>","Establishment Clause, First Amendment, Religion"
First Amendment Rights,Little Sisters of the Poor Saints Peter and Paul Home v. Pennsylvania,2020,"Five historians of American military history filed a <a href=""https://www.brennancenter.org/sites/default/files/2025-03/little-sisters-v-penn-military-historians-brief.pdf"" target=""blank"">brief </a>in Little Sisters of the Poor Saints Peter and Paul Home v. Pennsylvania, a case that upheld the federal government's authority to exempt employers with religious and moral objections from the Affordable Care Act's requirement to provide contraceptive coverage to employees. The brief - like one filed in <a href=""https://www.brennancenter.org/sites/default/files/2025-03/zubik-v-burwell-military-historians.pdf"" target=""blank"">Zubik v. Burwell</a> (2016) - argues that American law has long deployed accommodations to balance the religious liberty of some with the personal interests of others, and to balance both with &quot;the important interests of the government.&quot; As in the Zubik brief, the amici draw parallels between the accommodations at issue and historical conscientious objector laws that required people who objected to military service to pay money or provide alternative service to the country.","<a href=""https://www.brennancenter.org/sites/default/files/2025-03/little-sisters-v-penn-military-historians-brief.pdf"" target=""blank"">Brief of Military Historians as Amici Curiae in Support of Respondents</a>","Affordable Care Act, First Amendment, Free Exercise Clause, Religion, Religious Freedom Restoration Act, Reproductive Rights"
First Amendment Rights,Americans for Prosperity Foundation v. Bonta,2021,"Thirteen legal historians filed a <a href=""https://www.brennancenter.org/media/14088/download/apf-v-bonta-legal-historians_0.pdf?inline=1"" target=""blank"">brief</a> in Americans for Prosperity Foundation v. Bonta, which ruled that a California regulation requiring charitable organizations to disclose donors' details to the state's attorney general violated the First Amendment. The brief urges the Court to account for the specific historical circumstances that informed its defense of associational rights when, in NAACP v. Alabama (1958), it considered how to balance donors' privacy interests with the state's interest in detecting fraud. As the amici explain, the &quot;dire circumstances&quot; that called for shielding the NAACP's donors from disclosure in the 1950s - namely, government-sponsored public and private violence against Black people - were not in play in present-day California.","<a href=""https://www.brennancenter.org/media/14088/download/apf-v-bonta-legal-historians_0.pdf?inline=1"" target=""blank"">Brief of Amici Curiae Legal Historians in Support of Respondent</a>","First Amendment, Free Association Clause"
First Amendment Rights,Moody v. NetChoice (2024); NetChoice v. Paxton,2024,"Seven scholars of history, journalism, and the First Amendment's Free Press Clause filed a <a href=""https://www.brennancenter.org/sites/default/files/2024-06/moody-v-netchoice-moody-v-paxton-professors-of-history_0.pdf"" target=""blank"">brief</a> in Moody v. NetChoice and NetChoice v. Paxton, two cases involving constitutional challenges to state laws attempting to regulate social media websites' content moderation policies. The brief, which supports the websites' claims to have First Amendment rights to editorial discretion, examines the history of printers and press freedom. The amici explain that social media sites' discretion to determine what content to distribute today is analogous to the constitutionally protected discretion to publish enjoyed by printers, the press, and others during the founding era.","<a href=""https://www.brennancenter.org/sites/default/files/2024-06/moody-v-netchoice-moody-v-paxton-professors-of-history_0.pdf"" target=""blank"">Brief of Amici Curiae Professors of History in Support of Respondents in No. 22-277 and Petitioners in No. 22-555</a>","First Amendment, Free Press Clause, Free Speech Clause, Social Media"
First Amendment Rights,Free Speech Coalition v. Paxton,2025,"Eighteen scholars of the First Amendment filed a <a href=""https://www.brennancenter.org/sites/default/files/2025-08/free-speech-coalition-v-paxton-brief-of-scholars.pdf"" target=""blank"">brief</a> in Free Speech Coalition v. Paxton, a case that considered the constitutionality of a Texas law mandating age verification methods for pornography websites. The brief argues that laws restricting children's access to pornography are consistent with the framers' understanding of the First Amendment. The amici explain that the framers were &quot;not free-speech absolutists&quot; and recognized the role of the state in barring access to obscene materials.","<a href=""https://www.brennancenter.org/sites/default/files/2025-08/free-speech-coalition-v-paxton-brief-of-scholars.pdf"" target=""blank"">Amicus Curiae Brief of Scholars in Support of Respondent</a>","First Amendment, Free Speech Clause"
First Amendment Rights,Oklahoma Statewide Charter School Board v. Drummond,2025,"Eighteen historians and legal scholars with expertise in constitutional history and the First Amendment filed a <a href=""https://www.brennancenter.org/media/14316/download/oklahoma-statewide-charter-school-board-v-drummond-historians-brief.pdf?inline=1"" target=""blank"">brief</a> in Oklahoma Statewide Charter School Board v. Drummond, a case that considered, among other things, whether the Free Exercise Clause requires a state to provide financial support to religious schools when it also provides financial support to nongovernmental secular entities that operate schools. The brief argues that state and local governments are not required to provide public funding under the Free Exercise Clause. The amici present federal and state funding practices from the founding era through the early 19th century to demonstrate that &quot;the free-exercise principle was not originally understood to include the right to public funding of religious schools.&quot;","<a href=""https://www.brennancenter.org/media/14316/download/oklahoma-statewide-charter-school-board-v-drummond-historians-brief.pdf?inline=1"" target=""blank"">Brief of Historians and Legal Scholars as Amici Curiae in Support of Respondent</a>","Establishment Clause, First Amendment, Free Exercise Clause, Religion"
First Amendment Rights,Chiles v. Salazar,2026,"Eight scholars and historians of medicine filed a <a href=""https://www.brennancenter.org/sites/default/files/2026-01/chiles-v-salazar-medical-history-scholars-and-historians.pdf"" target=""blank"">brief</a> in Chiles v. Salazar, a case that considered whether a Colorado law prohibiting conversion therapy for minors violated the First Amendment's Free Speech Clause. The brief argues that the law is consistent with a tradition of states regulating the practice of medical professionals that dates to the colonial era. The brief explains that regulations have evolved with scientific developments and, in the case of mental health treatment, with new models of providing therapy; these regulations, in turn, have &quot;historically made no distinction between speech and conduct,&quot; especially given the central role of speech in psychotherapy.","<a href=""https://www.brennancenter.org/sites/default/files/2026-01/chiles-v-salazar-medical-history-scholars-and-historians.pdf"" target=""blank"">Amici Curiae Brief on Behalf of Medical History Scholars and Historians in Support of Respondents</a>","Conversion Therapy, First Amendment, Free Speech Clause, LGBTQ+ Rights"
Habeas Corpus,Williams v. Taylor,2000,"Four constitutional law and history professors filed a <a href=""https://www.brennancenter.org/sites/default/files/2025-03/williams-v-taylor-brief-of-professors.pdf"" target=""blank"">brief</a> in Williams v. Taylor, a case that considered, among other things, whether a state court's refusal to set aside a criminal defendant's death sentence was contrary to federal law or rested on an unreasonable application of it. Writing in support of the defendant, the amici argue that the Supreme Court should not defer to the state court's interpretation of federal law in deciding whether the defendant was eligible for relief under the Antiterrorism and Effective Death Penalty Act of 1996. The brief explains that such deference would undermine the framers' intent in drafting Article III of the Constitution: to empower the federal judiciary to ensure that state courts faithfully follow federal law.","<a href=""https://www.brennancenter.org/sites/default/files/2025-03/williams-v-taylor-brief-of-professors.pdf"" target=""blank"">Motion for Leave to File Brief Amici Curiae and Brief Amici Curiae of Professors Lance G. Banning, Jack N. Rakove, William W. Van Alstyne, and Gordon G. Young in Support of Petitioner</a>","Antiterrorism and Effective Death Penalty Act, Article III, Habeas Corpus"
Habeas Corpus,Immigration and Naturalization Service v. St. Cyr,2001,"Twenty-one legal historians with expertise in English legal history and the founding era filed a <a href=""https://www.brennancenter.org/sites/default/files/2025-03/ins-v-st-cyr-legal-historians.pdf"" target=""blank"">brief</a> in Immigration and Naturalization Service v. St. Cyr, a case that upheld, among other things, a deportable noncitizen's right to habeas corpus in the face of amendments to the Immigration and Nationality Act of 1952. The brief looks to both English common law and early American law to demonstrate that habeas corpus has traditionally been available to citizens and noncitizens alike to challenge their unlawful civil or criminal confinement at the hands of the government. According to the amici, these overlapping histories further demonstrate that habeas is a proper vehicle for resolving challenges that hinge on matters of statutory interpretation.","<a href=""https://www.brennancenter.org/sites/default/files/2025-03/ins-v-st-cyr-legal-historians.pdf"" target=""blank"">Brief Amici Curiae of Legal Historians Listed Herein in Support of Respondent</a>","Habeas Corpus, Immigration, Immigration and Nationality Act"
Habeas Corpus,Rasul v. Bush,2004,"Twenty-four legal historians with expertise in English common law and early American legal history filed a <a href=""https://www.brennancenter.org/sites/default/files/2025-03/rasul-v-bush-legal-historians.pdf"" target=""blank"">brief</a> in Rasul v. Bush, which ruled that people detained at Guantánamo Bay have a right to habeas corpus and can challenge their detentions as unconstitutional. Written to support the availability of habeas to the detainees, the brief shows that the common law writ of habeas corpus was available throughout the territories of the British Empire - even to alleged &quot;enemy aliens&quot; - in the years leading up to the Constitutional Convention. The amici explain that the framers incorporated these common law concepts into the Constitution's Suspension Clause, and that early American courts routinely upheld them.","<a href=""https://www.brennancenter.org/sites/default/files/2025-03/rasul-v-bush-legal-historians.pdf"" target=""blank"">Brief Amici Curiae of Legal Historians Listed Herein in Support of the Petitioners</a>","Habeas Corpus, Suspension Clause"
Habeas Corpus,Boumediene v. Bush; Al Odah v. United States,2008,"The Supreme Court received filings from historians in two cases - Boumediene v. Bush and Al Odah v. United States - that ruled the Military Commissions Act of 2006 unconstitutional and upheld Guantánamo Bay detainees' right to habeas corpus.<br><br>Twenty-five historians with expertise in English common law and early American legal history filed a brief in support of the detainees. The brief reviews the common law history to demonstrate that the writ of habeas corpus was available to detainees regardless of their nationality; that it applied regardless of the &quot;formal sovereign status&quot; of the territory where the detainees were being held; and that it required courts to rigorously and independently review the facts to ensure that detentions were not illegal.<br><br><a href=""https://www.brennancenter.org/sites/default/files/2025-03/boumediene-v-bush-legal-historians_0.pdf"" target=""blank"">Brief of Legal Historians as Amici Curiae in Support of Petitioners</a><br><br>Seventeen historians and scholars of the Constitution also filed a <a href=""https://www.brennancenter.org/sites/default/files/2025-03/al-odah-v-us-boumediene-v-bush-constitution-and-history-of-government-scholars.pdf"" target=""blank"">brief</a> in support of the detainees. The brief explains that the framers recognized habeas corpus as a crucial bulwark against unlawful government conduct, including abusive legislation. The amici argue that the framers intended the habeas guarantee to be judicially enforceable and subject to override by Congress, except in highly limited circumstances. And they point to a long tradition of Supreme Court case law consistent with this understanding.","<a href=""https://www.brennancenter.org/sites/default/files/2025-03/al-odah-v-us-boumediene-v-bush-constitution-and-history-of-government-scholars.pdf"" target=""blank"">Brief of Amicus Curiae in Support of Petitioners</a>","Habeas Corpus, Military Commissions Act, Suspension Clause"
Habeas Corpus,Department of Homeland Security v. Thuraissigiam,2020,"Twenty-three legal historians with expertise in English and early American legal history filed a <a href=""https://www.brennancenter.org/sites/default/files/2025-03/dhs-v-thuraissigiam-legal-historians.pdf"" target=""blank"">brief</a> in Department of Homeland Security v. Thuraissigiam, which ruled that a federal statute limiting habeas protections for noncitizens subject to expedited removal did not violate the Constitution's Suspension or Due Process Clauses. Writing in support of the petitioner facing removal, the amici draw on English and American legal history to demonstrate the breadth of the people and situations to which habeas protections traditionally applied. They further argue that the framers would not have empowered the federal government to override the writ simply for practical purposes or political expediency.","<a href=""https://www.brennancenter.org/sites/default/files/2025-03/dhs-v-thuraissigiam-legal-historians.pdf"" target=""blank"">Brief of Legal Historians as Amici Curiae in Support of Respondent</a>","Citizenship, Due Process Clause, Habeas Corpus, Suspension Clause, Immigration"
International Law,Kiobel v. Royal Dutch Petroleum,2013,"The Supreme Court received multiple filings from historians in Kiobel v. Royal Dutch Petroleum, a case that considered whether, under the Alien Tort Statute (ATS), corporations are immune from liability for violating the laws of nations, and whether U.S. courts have authority to hear cases based on such violations committed outside the United States. The case was reargued, leading to a second round of amicus briefing.<br><br>Nine legal historians filed a <a href=""https://www.brennancenter.org/media/14321/download/kiobel-v-royal-dutch-petroleum-legal-historians-aronstein-et-al.pdf?inline=1"" target=""blank"">brief</a> in support of corporate liability under the ATS for violations of international law. The brief argues that a corporate exemption from liability would be &quot;inconsistent with the text, history, and purpose&quot; of the ATS, which the First Congress enacted to ensure remedies for just such violations. The amici examine tort suits against English and early American corporations to substantiate their claims.<br><br><a href=""https://www.brennancenter.org/media/14321/download/kiobel-v-royal-dutch-petroleum-legal-historians-aronstein-et-al.pdf?inline=1"" target=""blank"">Brief of Amici Curiae Professors of Legal History Barbara Aronstein Black, William R. Casto, Martin S. Flaherty, Robert W. Gordon, Nasser Hussain, Stanley N. Katz, Michael Lobban, John V. Orth, and Anne-Marie Slaughter in Support of Petitioners</a><br><br>Eighteen scholars of international trials and Nuremberg era jurisprudence filed a <a href=""https://www.brennancenter.org/sites/default/files/2025-08/kiobel-v-royal-dutch-petroleum-nuremberg-scholars-bartov-et-al.pdf"" target=""blank"">brief</a> in support of corporate liability under the ATS. The brief argues that Nuremberg era jurisprudence supports holding corporations accountable for violations of customary international law. In particular, the amici explain how the Allied Control Council sanctioned corporations outside the courts through measures like dissolution, asset seizure, and reparations.<br><br><a href=""https://www.brennancenter.org/sites/default/files/2025-08/kiobel-v-royal-dutch-petroleum-nuremberg-scholars-bartov-et-al.pdf"" target=""blank"">Brief of Amici Curiae Nuremberg Scholars Omer Bartov, Michael J. Bazyler, Donald Bloxham, Lawrence Douglas, Hilary Earl, Hon. Bruce J. Einhorn, Ret., David Fraser, Sam Garkawe, Stanley A. Goldman, Gregory S. Gordon, Kevin Jon Heller, Michael J. Kelly, Matthew Lippman, Michael Marrus, Fionnuala D. Ní Aoláin, Kim Chistian Priemel, Christoph Safferling and Frederick Taylor in Support of Petitioners</a><br><br>Six scholars with expertise in the Nuremberg trials and post-World War II legal practice filed a <a href=""https://www.brennancenter.org/sites/default/files/2025-08/kiobel-v-royal-dutch-petroleum-nuremberg-historians-in-support-of-neither-party.pdf"" target=""blank"">brief</a> taking no position in the ultimate dispute and focusing instead on arguments raised by other amicus filings. The amici argue that the Nuremberg trials did not establish an &quot;international norm of corporate criminal liability&quot; that could support contemporary ATS claims. Among other things, the brief contends that no corporations were charged or served as defendants in the trials, and it explores the difficulties associated with drawing consistent legal principles from the conduct of the Allies toward German corporations in the postwar period.<br><br><a href=""https://www.brennancenter.org/sites/default/files/2025-08/kiobel-v-royal-dutch-petroleum-nuremberg-historians-in-support-of-neither-party.pdf"" target=""blank"">Brief Amici Curiae of Nuremberg Historians and International Lawyers in Support of Neither Party</a><br><br>Five legal historians with expertise in the ATS filed a <a href=""https://www.brennancenter.org/media/14319/download/kiobel-v-royal-dutch-petroleum-brief-of-professors-of-legal-history.pdf?inline=1"" target=""blank"">brief</a> to support corporate liability under the ATS for violations of international law. The brief argues that the original text, history, and purpose of the ATS show that it offers plaintiffs recourse in the federal courts to address violations of the laws of nations, including torts committed by corporations. The amici explain, among other things, that Congress did not restrict the kinds of defendants that plaintiffs could sue, and that it used domestic common law principles to adjudicate claims against corporations for violating the laws of nations.<br><br><a href=""https://www.brennancenter.org/media/14319/download/kiobel-v-royal-dutch-petroleum-brief-of-professors-of-legal-history.pdf?inline=1"" target=""blank"">Brief of Amici Curiae Professors of Legal History William R. Casto, Martin S. Flaherty, Robert W. Gordon, Nasser Hussain, and John V. Orth in Support of Petitioners</a><br><br>Two legal historians with expertise in the ATS filed a <a href=""https://www.brennancenter.org/sites/default/files/2025-08/kiobel-v-royal-dutch-petroleum-brief-on-reargument-of-flaherty-and-orth.pdf"" target=""blank"">brief</a> arguing that the federal courts have jurisdiction to rule on ATS claims for torts that violate international law, regardless of the citizenship of the defendants. The amici support their assertions through an examination of the text and drafting history of the ATS, early understandings of Article III of the Constitution, and 18th-century case law.","<a href=""https://www.brennancenter.org/sites/default/files/2025-08/kiobel-v-royal-dutch-petroleum-brief-on-reargument-of-flaherty-and-orth.pdf"" target=""blank"">Brief on Reargument of Professors of Legal History and Federal Jurisdiction, Martin S. Flaherty and John V. Orth, as Amici Curiae in Support of Petitioners</a>","Alien Tort Statute, Corporate Law, International Law, Tort Law"
International Law,Jesner v. Arab Bank,2018,"Five legal historians with expertise in the Alien Tort Statute (ATS) filed a <a href=""https://www.brennancenter.org/media/14097/download/jesner-v-arab-bank-professors-of-legal-history.pdf?inline=1"" target=""blank"">brief</a> in Jesner v. Arab Bank, which ruled that the ATS does not allow lawsuits against corporations. The brief argues that the statute's text, history, and purpose allow for corporate liability. The brief explains that the founders understood that &quot;corporate liability . . . would be resolved based on common-law principles.&quot; It also analyzes historical case law to demonstrate courts' long-standing recognition of corporate liability for the torts of corporate agents - a practice that was evident in English courts' handling of cases against corporations in the 18th century, and that continued into 19th-century America with the rise of modern corporations.","Brief of Amici Curiae Professors of Legal History William R. Casto, Martin S. Flaherty, Stanley N. Katz, Samuel Moyn, and Anne-Marie Slaughter in Support of Petitioners","Alien Tort Statute, Corporate Law, International Law, Tort Law"
International Law,Federal Republic of Germany v. Philipp,2021,"Eight historians of the Holocaust and the Nuremberg trials filed a <a href=""https://www.brennancenter.org/media/14110/download/frg-v-philip-holocuast-and-nuremberg-historians.pdf?inline=1"" target=""blank"">brief</a> in Federal Republic of Germany v. Philipp, which ruled that the Foreign Sovereign Immunities Act's expropriation exception incorporates the &quot;domestic takings&quot; rule, and that Germany did not violate international law when its Nazi government coerced German Jewish art dealers to sell a collection of medieval relics. The brief, filed in support of neither party to the case, sought to provide historical context necessary to understand how the Holocaust affected the treatment of German Jewish businesspeople in the period when the relics were sold. Among other things, the amici explain that the Nazis' comprehensive persecution of Jewish people began with Hitler's ascension to power in 1933. They also document how the Nazis targeted the social, political, and economic rights of Jewish people with restrictions on employment, education, marriage, and more through 1935.","<a href=""https://www.brennancenter.org/media/14110/download/frg-v-philip-holocuast-and-nuremberg-historians.pdf?inline=1"" target=""blank"">Brief of Amici Curiae Holocaust and Nuremberg Historians in Support of Neither Party</a>","Foreign Sovereign Immunities Act, International Law"
International Law,Nestlé USA v. Doe,2021,"Nine legal historians filed a <a href=""https://www.brennancenter.org/media/14108/download/nestle-v-doe-professors-of-legal-history_0.pdf?inline=1"" target=""blank"">brief</a> in Nestlé USA v. Doe, a case that considered whether certain domestic corporations could be held liable under the Alien Tort Statute (ATS). The brief argues that recognizing tort liability for domestic corporations aligns with the statute's history, text, and purpose. It presents records from the First Congress, the first Washington administration, and other founding era legal sources to establish that the ATS was passed and implemented to address &quot;law of nations violations in situations that involved U.S. subjects or territory.&quot;","<a href=""https://www.brennancenter.org/media/14108/download/nestle-v-doe-professors-of-legal-history_0.pdf?inline=1"" target=""blank"">Brief of Amici Curiae Professors of Legal History Barbara Aronstein Black, Nikolas Bowie, William R. Casto, Martin S. Flaherty, David Golove, Eliga H. Gould, Stanley N. Katz, Samuel Moyn, and Anne-Marie Slaughter in Support of Respondents</a>","Alien Tort Statute, Corporate Law, International Law, Tort Law"
LGBTQ+ Rights,Lawrence v. Texas,2003,"Ten historians and scholars of gender and sexuality filed a <a href=""https://www.brennancenter.org/sites/default/files/2025-02/lawrence-v-texas-professor-of-history.pdf"" target=""blank"">brief</a> in Lawrence v. Texas, which ruled that a Texas law criminalizing sexual intimacy by same-sex couples violated the 14th Amendment's Due Process Clause. Arguing in support of invalidating laws like Texas's, the brief underscores that government regulation of sexual activity between members of the same sex lacks a deep historical pedigree, and that government policies discriminating against people based on their sexual orientation are part of a distinctly 20th-century project that was already being dismantled at the time of the case.","<a href=""https://www.brennancenter.org/sites/default/files/2025-02/lawrence-v-texas-professor-of-history.pdf"" target=""blank"">Brief of Professors of History George Chauncey, Nancy F. Cott, John D'Emilio, Estelle B. Freedman, Thomas C. Holt, John Howard, Lynn Hunt, Mark D. Jordan, Elizabeth Lapovsky Kennedy, and Linda P. Kerber as Amici Curiae in Support of Petitioners</a>","Due Process Clause, 14th Amendment, LGBTQ+ Rights, Sex Discrimination"
LGBTQ+ Rights,Hollingsworth v. Perry,2013,"The Supreme Court received multiple filings from historians in Hollingsworth v. Perry, which ruled that same-sex couples lacked the legal standing to challenge a California proposition limiting the state's official definition of marriage to a union between a man and a woman.<br><br>The Organization of American Historians filed a <a href=""https://www.brennancenter.org/sites/default/files/2025-02/hollingsworth-v-perry-oah-aha.pdf"" target=""blank"">brief</a> supporting the challenge to the proposition on 14th Amendment grounds. Similar to the historians' brief filed in <a href=""https://www.brennancenter.org/sites/default/files/2025-02/us-v-windsor.pdf"" target=""blank"">United States v. Windsor</a> (2013), the brief recounts the long history of discrimination faced by gay and lesbian people since the founding era. It concludes with a discussion of Supreme Court case law to underscore the significance that the Court has long accorded to history in assessing equal protection claims.<br><br><a href=""https://www.brennancenter.org/sites/default/files/2025-02/hollingsworth-v-perry-oah-aha.pdf"" target=""blank"">Brief of the Organization of American Historians and the American Studies Association as Amici Curiae in Support of Respondents</a><br><br>Nineteen scholars of history and other disciplines filed a <a href=""https://www.brennancenter.org/sites/default/files/2025-02/hollingsworth-v-perry-scholars-of-history.pdf"" target=""blank"">brief</a> supporting the legality of the California proposition. The brief argues that the United States lacks a &quot;deeply rooted history, legal tradition, or practice of gay marriage,&quot; and that marriage has historically been &quot;an opposite-sex institution&quot; because it serves &quot;child-centered purposes.&quot;","<a href=""https://www.brennancenter.org/sites/default/files/2025-02/hollingsworth-v-perry-scholars-of-history.pdf"" target=""blank"">Amicus Curiae Brief of Scholars of History and Related Disciplines in Support of Petitioners</a>","Due Process Clause, Equal Protection Clause, 14th Amendment, LGBTQ+ Rights, Same-Sex Marriage, Sex Discrimination"
LGBTQ+ Rights,United States v. Windsor,2013,"The Supreme Court received multiple filings from historians in United States v. Windsor, which ruled the 1996 Defense of Marriage Act (DOMA) unconstitutional for denying legally married same-sex couples equal protection under the Fifth Amendment.<br><br>The Organization of American Historians and the American Studies Association filed a <a href=""https://www.brennancenter.org/sites/default/files/2025-02/us-v-windsor.pdf"" target=""blank"">brief</a> in support of DOMA's challengers. The brief - similar to the one filed in <a href=""https://www.brennancenter.org/sites/default/files/2025-02/hollingsworth-v-perry-oah-aha.pdf"" target=""blank"">Hollingsworth v. Perry</a> (2013) - presents the long history of discrimination faced by gay and lesbian people since the founding era and into the 21st century. It concludes with a discussion of Supreme Court case law to underscore the significance that the Court has long accorded to history in assessing equal protection claims.<br><br><a href=""https://www.brennancenter.org/sites/default/files/2025-02/us-v-windsor.pdf"" target=""blank"">Brief of the Organization of American Historians and the American Studies Association as Amici Curiae in Support of Respondent Edith Windsor</a><br><br>The American Historical Association and 23 historians of American marriage, family, and law also filed a <a href=""https://www.brennancenter.org/sites/default/files/2025-02/us-v-windsor-historians-and-american-historical-association.pdf"" target=""blank"">brief</a> in support of DOMA's challengers. The brief argues that DOMA &quot;breaks with historical understanding of the state and federal roles with respect to marriage,&quot; under which the states - rather than the federal government - have defined marriage status. It also explains that the states have recognized many different purposes for marriage throughout the nation's history.","<a href=""https://www.brennancenter.org/sites/default/files/2025-02/us-v-windsor-historians-and-american-historical-association.pdf"" target=""blank"">Brief on the Merits for Amici Curiae Historians, American Historical Association, Peter W. Bardaglio, Norma Basch, George Chauncey, Stephanie Coontz, Nancy F. Cott, Toby L. Ditz, Ariela Dubler, Laura F. Edwards, Estelle B. Freedman, Sarah Barringer Gordon, Michael Grossberg, Hendrik Hartog, Ellen Herman, Martha Hodes, Linda K. Kerber, Alice Kessler-Harris, Elaine Tyler May, Steven Mintz, Elizabeth H. Pleck, Carole Shammas, Mary L. Shanley, Amy Dru Stanley, Barbara Young Welke in Support of Respondents and of Affirmance of the Judgment Below</a>","Due Process Clause, Fifth Amendment, LGBTQ+ Rights, Same-Sex Marriage, Sex Discrimination"
LGBTQ+ Rights,Obergefell v. Hodges,2015,"The Supreme Court received multiple filings from historians in Obergefell v. Hodges, the case that established same-sex couples' 14th Amendment right to marry and ruled that states must recognize same-sex marriages performed in other states.<br><br>The Organization of American Historians filed a <a href=""https://www.brennancenter.org/sites/default/files/2025-02/obergefell-v-hodges-oah.pdf"" target=""blank"">brief</a> in support of same-sex marriage as a constitutionally conferred right. Like the historians' briefs filed in <a href=""https://www.brennancenter.org/sites/default/files/2025-02/us-v-windsor.pdf"" target=""blank"">United States v. Windsor</a> (2013) and <a href=""https://www.brennancenter.org/sites/default/files/2025-02/hollingsworth-v-perry-oah-aha.pdf"" target=""blank"">Hollingsworth v. Perry</a> (2013), this brief presents the long history of discrimination that same-sex couples have faced from the founding era through the present. It also explains that this history should trigger heightened scrutiny of the state law at issue, in keeping with the Court's long-standing equal protection jurisprudence.<br><br><a href=""https://www.brennancenter.org/sites/default/files/2025-02/obergefell-v-hodges-oah.pdf"" target=""blank"">Brief of the Organization of American Historians as Amicus Curiae in Support of Petitioners</a><br><br>The American Historical Association and 26 historians of marriage, family, and law filed a <a href=""https://www.brennancenter.org/sites/default/files/2025-02/obergefell-v-hodges-historians-of-marriage.pdf"" target=""blank"">brief</a> in support of the constitutionality of same-sex marriage. According to the amici, the historical record demonstrates that procreation and child-rearing have never been the exclusive or even predominant purpose of marriage. The brief also surveys historical American marriage laws to show that marriage is not a static concept, but rather one that has evolved over time &quot;to reflect societal changes and judicial recognition of legal rights.&quot;<br><br><a href=""https://www.brennancenter.org/sites/default/files/2025-02/obergefell-v-hodges-historians-of-marriage.pdf"" target=""blank"">Brief of Historians of Marriage and the American Historical Association as Amici Curiae in Support of Petitioners</a><br><br>Eleven scholars of history and related disciplines filed a <a href=""https://www.brennancenter.org/sites/default/files/2025-02/obergefell-v-hodges-scholars-of-history.pdf"" target=""blank"">brief</a> challenging the right to same-sex marriage. The brief argues that the &quot;traditional&quot; definition of marriage (i.e., a relationship between a man and a woman) is dominant in the country's history, tradition, and practice, reflecting the institution's purported purpose of supporting procreation and child-rearing. For these reasons, the amici maintain, restrictions on same-sex marriage are rational and constitutional.","<a href=""https://www.brennancenter.org/sites/default/files/2025-02/obergefell-v-hodges-scholars-of-history.pdf"" target=""blank"">Brief of Amici Curiae Scholars of History and Related Disciplines in Support of Respondents</a>","Due Process Clause, Equal Protection Clause, 14th Amendment, LGBTQ+ Rights, Same-Sex Marriage, Sex Discrimination"
LGBTQ+ Rights,Bostock v. Clayton County (2020); Altitude Express v. Zarda (2020); R. G. & G. R. Harris Funeral Homes v. Equal Employment Opportunity Commission,2018,"The Supreme Court received multiple filings from historians in the consolidated cases Bostock v. Clayton County, Altitude Express v. Zarda, and R.G. &amp; G.R. Harris Funeral Homes v. Equal Employment Opportunity Commission. In its eventual opinion, the Court ruled that firing someone for being gay or transgender violates Title VII of the Civil Rights Act of 1964, which prohibits discrimination against individuals &quot;because of&quot; their sex.<br><br>Nine historians with expertise in the history of gender, sexuality, and law in the United States filed a <a href=""https://www.brennancenter.org/sites/default/files/2025-02/rg-gr-harris-funeral-home-v-eeoc-brief-of-historians.pdf"" target=""blank"">brief </a>supporting an interpretation of Title VII that protects people against discrimination because they are lesbian, gay, bisexual, or transgender. The brief describes how historical evidence from the first decade after Title VII's enactment illustrates that the public's understanding of the word sex and of the phrase &quot;discrimination because of . . . sex&quot; encompassed discrimination against LGBTQ+ individuals. The statute, the amici further explain, sought to support people who &quot;depart from conventional norms of masculinity and femininity.&quot;<br><br><a href=""https://www.brennancenter.org/sites/default/files/2025-02/rg-gr-harris-funeral-home-v-eeoc-brief-of-historians.pdf"" target=""blank"">Brief of Historians as Amici Curiae in Support of Employees</a><br><br>Thirty-eight scholars of LGBTQ+ rights and history filed a <a href=""https://www.brennancenter.org/sites/default/files/2025-02/rg-gr-harris-funeral-home-v-eeoc-brief-of-law-and-history-professors.pdf"" target=""blank"">brief</a> supporting a reading of Title VII that protects transgender people from discrimination. The brief argues that the plain text of Title VII should be sufficient to conclude that discrimination because a person is transgender is legally barred. The amici further explain that the legislative record does not indicate Congress intended to exclude transgender individuals from Title VII's protections.","<a href=""https://www.brennancenter.org/sites/default/files/2025-02/rg-gr-harris-funeral-home-v-eeoc-brief-of-law-and-history-professors.pdf"" target=""blank"">Brief of Law and History Professors as Amici Curiae in Support of Respondent Aimee Stephens</a>","Civil Rights Act, Civil Rights Law, LGBTQ+ Rights, Sex Discrimination, Title VII, Workplace Discrimination"
LGBTQ+ Rights,Fulton v. City of Philadelphia,2021,"Seven historians of child welfare filed a <a href=""https://www.brennancenter.org/sites/default/files/2025-03/fulton-v-philadelphia-historians-of-child-welfare.pdf"" target=""blank"">brief</a> in Fulton v. City of Philadelphia, which held that the City of Philadelphia's policy of requiring foster care agencies to certify that they would not discriminate against same-sex couples violated the agencies' rights under the Free Exercise Clause. The brief, filed in support of the policy, explains that governments have regulated child welfare since the country's founding. Among other things, the amici describe how the government grew substantially more involved in funding and regulating foster care over the past century - developing standards and systems of licensure to ensure the adequate protection of minor children and guard against discrimination by private entities in the foster care system.","<a href=""https://www.brennancenter.org/sites/default/files/2025-03/fulton-v-philadelphia-historians-of-child-welfare.pdf"" target=""blank"">Brief of Historians of Child Welfare as Amici Curiae in Support of Respondents</a>","First Amendment, Free Exercise Clause, LGBTQ+ Rights, Sex Discrimination"
LGBTQ+ Rights,United States v. Skrmetti,2025,"The American Historical Association, the Organization of American Historians, the LGBTQ+ History Association, and eight historians with expertise in the history of gender, sexuality, and medicine filed a <a href=""https://www.brennancenter.org/media/14039/download/us-v-skrmetti-aha-brief.pdf?inline=1"" target=""blank"">brief</a> in United States v. Skrmetti, a case that considered whether a Tennessee bill restricting certain medical treatments for transgender minors violated the 14th Amendment's Equal Protection Clause. The brief, filed in support of the transgender minors' right to receive treatment, explains that the medical diagnosis of gender dysphoria has been recognized, treated, and relieved through gender-affirming medical interventions for centuries. The amici further show that the medical interventions threatened by the Tennessee bill, which include surgery and hormone therapy, are &quot;well-established, mainstream forms of health care&quot; with deep historical pedigrees.","<a href=""https://www.brennancenter.org/media/14039/download/us-v-skrmetti-aha-brief.pdf?inline=1"" target=""blank"">Brief of Amici Curiae American Historical Association, Organization of American Historians, LGBTQ+ History Association, and Historian Scholars in Support of Petitioner and Respondents in Support of Petitioner</a>","Equal Protection Clause, 14th Amendment, Gender-Affirming Care, LGBTQ+ Rights, Sex Discrimination"
LGBTQ+ Rights,Little v. Hecox,2026,"Ten legal scholars and historians with expertise in the history of gender, sexuality, and LGBTQ+ rights filed a <a href=""https://www.brennancenter.org/media/14955/download/little-v-hecox-west-virginia-v-bpj-law-and-history-scholars.pdf?inline=1"" target=""blank"">brief</a> in Little v. Hecox, a case that considered whether an Idaho law limiting the participation of transgender women and girls in sports violated the 14th Amendment's Equal Protection Clause. The brief explains the long history of de jure - or official and legal - discrimination against transgender people in the United States dating back to the early 1800s. Because of this &quot;painful, persistent, 'longstanding pattern of discrimination in the law' against transgender people,&quot; the brief argues that the Court should apply heightened scrutiny to exclusionary bans targeting transgender people. This brief was also filed in West Virginia v. B.P.J. (2026).","<a href=""https://www.brennancenter.org/media/14955/download/little-v-hecox-west-virginia-v-bpj-law-and-history-scholars.pdf?inline=1"" target=""blank"">Brief of Law and History Scholars as Amici Curiae in Support of Respondents</a>","Equal Protection Clause, 14th Amendment, LGBTQ+ Rights, Sex Discrimination"
LGBTQ+ Rights,West Virginia v. B.P.J.,2026,"The Supreme Court received multiple filings from historians in West Virginia v. B.P.J., a case that considered whether Title IX of the Education Amendments of 1972 and the 14th Amendment's Equal Protection Clause prevent a state from determining participation in school sports teams based on an athletes' biological sex as determined at birth.<br><br>Ten legal scholars and historians with expertise in the history of gender, sexuality, and LGBTQ+ rights filed a <a href=""https://www.brennancenter.org/media/14955/download/little-v-hecox-west-virginia-v-bpj-law-and-history-scholars.pdf?inline=1"" target=""blank"">brief</a> challenging bans on participation based on biological sex. The brief explains the long history of de jure - or official and legal - discrimination against transgender people in the United States dating back to the early 1800s. Because of this &quot;painful, persistent, 'longstanding pattern of discrimination in the law' against transgender people,&quot; the brief argues that the Court should apply heightened scrutiny to exclusionary bans targeting transgender people. This brief was also filed in Little v. Hecox (2026).<br><br><a href=""https://www.brennancenter.org/media/14955/download/little-v-hecox-west-virginia-v-bpj-law-and-history-scholars.pdf?inline=1"" target=""blank"">Brief of Law and History Scholars as Amici Curiae in Support of Respondents</a><br><br>The Organization of American Historians, the LGBTQ+ History Association, and five historians of gender and sexuality filed a <a href=""https://www.brennancenter.org/sites/default/files/2026-01/west-virginia-v-bpj-oah.pdf?inline=1"" target=""blank"">brief</a> challenging the assertion that Title IX of the Education Amendments of 1972 does not protect transgender people because they were not well-known to the American public or Congress at the time of the statute's passage. The brief explains that historical evidence concurrent with Title IX's enactment demonstrates public and congressional awareness of transgender people. According to the brief, both medical developments to aid sex transitions and mass media coverage had established the existence of transgender people in the public consciousness decades before Title IX's passage. In addition, in the 1960s and 1970s, transgender people worked through the courts to access legal rights based on their post-transition sex, fostering ongoing public debates about how and if &quot;legal protections and social services apply to transgender people.&quot;","<a href=""https://www.brennancenter.org/sites/default/files/2026-01/west-virginia-v-bpj-oah.pdf?inline=1"" target=""blank"">Brief of the Organization of American Historians, the LGBTQ+ History Association, and Historian Scholars as Amici Curiae in Support of Respondent</a>","Equal Protection Clause, 14th Amendment, LGBTQ+ Rights, Sex Discrimination"
Miscellaneous,Patterson v. McLean Credit Union,1989,"Seven historians of the Civil War and Reconstruction filed a <a href=""https://www.brennancenter.org/sites/default/files/2025-01/patterson-v-mclean-credit-union-eric-foner-et-al.pdf"" target=""blank"">brief</a> in Patterson v. McLean Credit Union, a case that examined the applicability of a federal antidiscrimination statute, 42 U.S.C. § 1981, to claims of racial discrimination in the workplace. The brief urged the Court to reaffirm its earlier holding that Section 1981 bars racial discrimination in contracts between private individuals. The amici explain that this reading of the statute aligns with the original intent of the Civil Rights Act of 1866. They also write that the Reconstruction Congress passed the act &quot;to protect the rights of both blacks and whites, notwithstanding whether the source of a civil rights violation was a private individual, a state official, or a discriminatory state statute or local ordinance.&quot; The brief provides important historical context to understand the act's purpose, including the patterns of violence and terror that white Southerners inflicted on Black people who attempted to negotiate contracts or enforce their contractual rights.","<a href=""https://www.brennancenter.org/sites/default/files/2025-01/patterson-v-mclean-credit-union-eric-foner-et-al.pdf"" target=""blank"">Brief Amicus Curiae of Eric Foner, John H. Franklin, Louis R. Harlan, Stanley N. Katz, Leon F. Litwack, C. Vann Woodward, and Mary Frances Berry</a>","Civil Rights Law, Racial Discrimination, Workplace Discrimination"
Miscellaneous,Honda Motor Co. v. Oberg,1994,"Four legal historians filed a <a href=""https://www.brennancenter.org/sites/default/files/2025-01/honda-motor-co-v-oberg-legal-historians.pdf"" target=""blank"">brief</a> in Honda Motor Co. v. Oberg, a case in which the Supreme Court ultimately ruled that the Oregon Constitution's bar on judicial review of the size of punitive damages awards violated the 14th Amendment's Due Process Clause. The brief argues that review of punitive damages awards for excessiveness &quot;is not part of the Anglo-American legal tradition.&quot; The amici base their analysis on a review of English common law, American colonial practice, and 19th-century American legal practice. Among other things, they emphasize that the U.S. Constitution's original due process guarantees were &quot;adopted . . . against a background assumption that the jury was virtually all-powerful,&quot; and were in keeping with colonial American beliefs that judicial control over juries was tyrannical.","<a href=""https://www.brennancenter.org/sites/default/files/2025-01/honda-motor-co-v-oberg-legal-historians.pdf"" target=""blank"">Brief of Legal Historians Daniel R. Coquillette, Mark M. Hager, Bruce H. Mann, and Arthur F. McEvoy as Amici Curiae</a>","Due Process Clause, 14th Amendment"
Miscellaneous,Texas Department of Housing and Community Affairs v. Inclusive Communities Project,2015,"Sixty-two scholars with expertise in the history of housing segregation filed a <a href=""https://www.brennancenter.org/sites/default/files/2026-03/texas-dept-of-housing-v-inclusive-communities-project-brief-of-housing-scholars.pdf"" target=""blank"">brief</a> in Texas Department of Housing and Community Affairs v. Inclusive Communities Project, which ruled that disparate impact claims are cognizable under the Fair Housing Act of 1968 (FHA). The brief provides historical context for the federal, state, and local government policies that created racially segregated residential patterns in cities across the country. The amici argue that disparate impact claims ensure that contemporary housing policies will not perpetuate these patterns and should be permitted to advance the FHA's objective.","<a href=""https://www.brennancenter.org/sites/default/files/2026-03/texas-dept-of-housing-v-inclusive-communities-project-brief-of-housing-scholars.pdf"" target=""blank"">Brief of Housing Scholars as Amici Curiae Supporting Respondent</a>","Fair Housing Act, Housing Discrimination, Racial Discrimination"
Miscellaneous,Puerto Rico v. Sánchez Valle,2016,"Two scholars of the law and history of the U.S. territories, U.S. sovereignty, and Puerto Rico filed a <a href=""https://www.brennancenter.org/media/14148/download/puerto-rico-v-sanchez-valle-christina-duffy-ponsa-and-sam-erman.pdf?inline=1"" target=""blank"">brief</a> in Puerto Rico v. Sánchez Valle, which ruled that the United States and Puerto Rico are not separate sovereigns for double jeopardy purposes. The brief supports the position that Puerto Rico and the United States are not separate sovereigns, notwithstanding the ratification of Puerto Rico's Constitution in 1952. The amici explain that there is a long American tradition of distinguishing between autonomy and sovereignty, and that separate sovereignty has historically been tied to statehood. They further describe that neither Congress's approval of Puerto Rico's Constitution nor Puerto Rico's extensive autonomy equate to sovereignty as understood under American law.","<a href=""https://www.brennancenter.org/media/14148/download/puerto-rico-v-sanchez-valle-christina-duffy-ponsa-and-sam-erman.pdf?inline=1"" target=""blank"">Brief for Amici Curiae Professors Christina Duffy Ponsa and Sam Erman in Support of Respondents</a>","Double Jeopardy, Fifth Amendment, Sovereignty"
Miscellaneous,Hernandez v. Mesa,2017,"Six legal historians filed a <a href=""https://www.brennancenter.org/sites/default/files/2025-07/hernandez-v-mesa-legal-historians.pdf"" target=""blank"">brief</a> in Hernandez v. Mesa, a case arising from a U.S. Border Patrol agent's fatal shooting of a Mexican citizen across the U.S.-Mexico border. The brief, filed in support of the Mexican citizen, argues that the Fifth Amendment's due process protections are not limited to American citizens or inhabitants of the United States. The amici explore the early history of the Fifth Amendment's Due Process Clause, explaining that the framers intended to protect all people from arbitrary governmental action. In addition, the brief emphasizes that the history of the formulation of the 14th Amendment's Due Process Clause reaffirms that the &quot;persons&quot; entitled to constitutional due process protections include both citizens and noncitizens.","<a href=""https://www.brennancenter.org/sites/default/files/2025-07/hernandez-v-mesa-legal-historians.pdf"" target=""blank"">Brief for Amici Curiae Legal Historians in Support of Petitioners</a>","Due Process Clause, Fifth Amendment, Fourth Amendment, 14th Amendment, Qualified Immunity"
Miscellaneous,Carpenter v. United States,2018,"Twelve scholars of the Fourth Amendment filed a <a href=""https://www.brennancenter.org/sites/default/files/2025-01/carpenter-v-us-scholars-of-the-history-and-original-meaning-of-the-4th-amendment.pdf"" target=""blank"">brief</a> in Carpenter v. United States, which ruled that the federal government's acquisition of cell-site records without a warrant was unconstitutional. The brief analyzes the Fourth Amendment's text and historical context and argues, among other things, that such warrantless searches threaten the personal liberty that the framers designed the Fourth Amendment to protect.",Brief of Scholars of the History and Original Meaning of the Fourth Amendment as Amici Curiae in Support of Petitioner,"Fourth Amendment, Search and Seizure"
Miscellaneous,Sveen v. Melin,2018,"A legal historian with expertise in the history of the Constitution's Contract Clause filed a <a href=""https://www.brennancenter.org/media/14155/download/sveen-v-melin-james-ely-brief.pdf?inline=1"" target=""blank"">brief</a> in Sveen v. Melin, which ruled that the retroactive application of Minnesota's so-called revocation-upon-divorce statute did not violate the clause. The brief argues that this statute does in fact violate the Contract Clause, both as originally understood in the founding era and as applied throughout the 19th century. The amici encourage the Court to reject its 20th-century Contract Clause jurisprudence and return to the clause's original meaning.","<a href=""https://www.brennancenter.org/media/14155/download/sveen-v-melin-james-ely-brief.pdf?inline=1"" target=""blank"">Brief of Professor James W. Ely, Jr. as Amicus Curiae Supporting Respondent</a>",Contract Clause
Miscellaneous,Comcast v. National Association of African American-Owned Media and Entertainment Studios Networks,2020,"Twelve historians of Reconstruction filed a <a href=""https://www.brennancenter.org/media/14162/download/comcast-corp-v-national-association-law-and-history-professors.pdf?inline=1"" target=""blank"">brief</a> in Comcast v. National Association of African American-Owned Media, which ruled that a plaintiff suing for racial discrimination under the federal civil rights statute 42 U.S.C. § 1981 must prove that race was a &quot;but-for&quot; cause of the defendant's actions. The brief argues that Section 1981 is the product of Reconstruction era efforts to dramatically expand the federal government's authority to guarantee basic civil rights, including eliminating racial discrimination of any kind in contracts. The amici explain that &quot;but-for&quot; causation undermines the original purpose and meaning of the statute by allowing defendants to escape liability if they had any nonracial reasons for their actions.","<a href=""https://www.brennancenter.org/media/14162/download/comcast-corp-v-national-association-law-and-history-professors.pdf?inline=1"" target=""blank"">Law and History Professors' Brief as Amici Curiae in Support of Respondents</a>","Civil Rights Law, 14th Amendment, Racial Discrimination, 13th Amendment"
Miscellaneous,Financial Oversight and Management Board for Puerto Rico v. Aurelius Investment,2020,"Four scholars with expertise in the constitutional implications of American territorial expansion filed a <a href=""https://www.brennancenter.org/media/14159/download/financial-omb-puerto-rico-v-aurelius-scholars-of-constitutional-law-and-legal-history.pdf?inline=1"" target=""blank"">brief</a> in Financial Oversight and Management Board for Puerto Rico v. Aurelius Investment, which ruled that the Constitution's Appointments Clause does not restrict the appointment of members of the Financial Oversight and Management Board for Puerto Rico. The brief argues against relying on the Insular Cases - a series of early 20th-century Court opinions regarding the status of U.S. territories acquired in the Spanish-American War - to decide this case. The amici maintain that the Insular Cases do not inform the meaning or scope of the Appointments Clause. They further explain that those cases present constitutional concerns and reflect imperialist and racist thinking that should not be incorporated into contemporary legal doctrine.","<a href=""https://www.brennancenter.org/media/14159/download/financial-omb-puerto-rico-v-aurelius-scholars-of-constitutional-law-and-legal-history.pdf?inline=1"" target=""blank"">Brief for Amici Curiae Scholars of Constitutional Law and Legal History Supporting the First Circuit's Ruling on the Appointments Clause Issue</a>",Appointments Clause
Miscellaneous,Cedar Point Nursery and Fowler Packing Company v. Hassid,2021,"Ten legal historians filed a <a href=""https://www.brennancenter.org/media/14183/download/cedar-point-nursery-v-hassid-legal-historians.pdf?inline=1"" target=""blank"">brief</a> in Cedar Point Nursery and Fowler Packing Company v. Hassid, which ruled that a California regulation granting labor organizations a right to access an agricultural employer's property to solicit support for unionization was unconstitutional under the Fifth Amendment's Takings Clause. The brief, filed in support of the regulation, argues that Anglo-American law has never recognized an absolute right to exclude people from private property. The amici survey English common law, American colonial and state laws, and 18th- and 19th-century court cases to demonstrate a long tradition of making &quot;limited rights to enter and exclude in the public interest part of the definition of property itself.&quot;","<a href=""https://www.brennancenter.org/media/14183/download/cedar-point-nursery-v-hassid-legal-historians.pdf?inline=1"" target=""blank"">Brief of Legal Historians as Amici Curiae in Support of Respondents</a>","Fifth Amendment, Labor Unions, Takings Clause"
Miscellaneous,National Collegiate Athletic Association v. Alston,2021,"Six historians of American sports filed a <a href=""https://www.brennancenter.org/sites/default/files/2025-01/ncaa-v-alston-historians.pdf"" target=""blank"">brief </a>in National Collegiate Athletic Association v. Alston, which held that NCAA rules limiting how schools could compensate student athletes for their play violated federal antitrust law. The brief, in support of the student athletes, argues that the NCAA's commitment to &quot;amateurism in top-tier college sports is a myth.&quot; Among other things, the amici survey the history of financial offers, favors, and payments in collegiate sports in the 19th and 20th centuries.<br><br><a href=""https://www.brennancenter.org/sites/default/files/2025-01/ncaa-v-alston-historians.pdf"" target=""blank"">Brief of Historians as Amici Curiae Supporting Respondent</a>",Tag: Antitrust Law,
Miscellaneous,Vega v. Tekoh,2022,"Seven scholars with expertise in the history of criminal procedure filed a <a href=""https://www.brennancenter.org/media/14185/download/vega-v-tekoh-historians-of-criminal-procedure.pdf?inline=1"" target=""blank"">brief</a> in Vega v. Tekoh, which ruled that a violation of the Miranda rule does not provide a basis for a lawsuit under the federal civil rights statute 42 U.S.C. § 1983. The brief argues that Miranda-like warnings were part of an Anglo-American legal tradition that the framers would have recognized. The amici examine 18th- and 19th-century English and American criminal court records to establish a practice of &quot;giving warnings&quot; to criminal suspects designed to curb &quot;improper inducements&quot; to self-incriminating confessions. The brief contends that this practice reflected a legal culture that &quot;afforded very strong protections&quot; to suspects subject to interrogation while in custody.","<a href=""https://www.brennancenter.org/media/14185/download/vega-v-tekoh-historians-of-criminal-procedure.pdf?inline=1"" target=""blank"">Brief of Amici Curiae Historians of Criminal Procedure in Support of Respondent</a>","Civil Rights, Fifth Amendment, Miranda Rights"
Miscellaneous,City of Grants Pass v. Johnson,2024,"Eight legal scholars and historians filed a <a href=""https://www.brennancenter.org/sites/default/files/2024-06/city-of-grants-pass-v-johnson-professors.pdf"" target=""blank"">brief</a> in City of Grants Pass v. Johnson, a case that upheld a city's law regulating camping on public property against an Eighth Amendment challenge. The brief argues that the city's attempts to enforce that law against people who are involuntarily unhoused violates that amendment's ban on cruel and unusual punishments. The amici maintain that the city's law is not consistent with &quot;a history and tradition of vagrancy laws.&quot; They explain that the law differs in its purpose, scope, and structure from English and founding era vagrancy laws. In addition, they contend that the tradition of vagrancy laws contradicts modern understandings of liberty, equality, and decency, because such laws have historically been used to punish the poor and disfavored minorities and, after the Civil War, to subjugate formerly enslaved Black men and women.","<a href=""https://www.brennancenter.org/sites/default/files/2024-06/city-of-grants-pass-v-johnson-professors.pdf"" target=""blank"">Brief of Professors William P. Quigley, Jeffrey Adler, Erwin Chemerinsky, Martha Davis, Helen Hershkoff, Stephen Loffredo, Nantiya Ruan, and Laurence H. Tribe as Amici Curiae in Support of Respondents</a>",Eighth Amendment
Miscellaneous,Moore v. United States,2024,"Nine scholars of tax law, legal history, and computational science filed a <a href=""https://www.brennancenter.org/sites/default/files/2024-06/moore-v-us-professors-of-tax-law-legal-history-and-computational-science.pdf"" target=""blank"">brief</a> in Moore v. United States, a case that upheld the constitutionality of the mandatory repatriation tax. The brief, which supports the tax's constitutionality, responds to the petitioners' claim that the 16th Amendment did not authorize Congress to tax &quot;unrealized&quot; sums without apportionment among the states. Examining historical context relevant the original meaning of &quot;incomes&quot; in the text of the 16th Amendment, the amici conclude, among other things, that &quot;incomes&quot; included unrealized gains, and that contrary precedent should be overturned. They also critique assumptions by some corpus linguistics scholars that the 16th Amendment should be read in terms of its &quot;ordinary usage in popular, nonlegal sources&quot; rather than in a narrower, technical sense.","<a href=""https://www.brennancenter.org/sites/default/files/2024-06/moore-v-us-professors-of-tax-law-legal-history-and-computational-science.pdf"" target=""blank"">Brief of Amici Curiae Professors of Tax Law, Legal History, and Computational Science in Support of Respondent</a>","16th Amendment, Tax Law"
Reproductive Rights,Webster v. Reproductive Health Services,1989,"Two hundred eighty-one scholars of American history filed a <a href=""https://www.brennancenter.org/sites/default/files/2025-01/webster-v-rhs-281-american-historians.pdf"" target=""blank"">brief</a> in Webster v. Reproductive Health Services, a case that rejected a constitutional challenge to Missouri legislation that placed restrictions on abortions. <a href=""https://www.brennancenter.org/sites/default/files/2025-01/webster-v-rhs-281-american-historians.pdf"" target=""blank""></a>The brief explains that abortion was legal and widely accessible throughout the 18th and 19th centuries, and that historical restrictions on abortion were grounded in rationales that have become &quot;anachronistic or constitutionally and culturally impermissible.&quot; The brief urges the Court to consider whether the &quot;protection of unborn life has become a surrogate&quot; for those outmoded rationales. In making their argument, the amici emphasize a shift in American historical inquiry since Roe v. Wade (1973) away from &quot;the study of wars, formal legal rules, economics and elections to . . . a fuller and more rounded account of American social history.&quot;","<a href=""https://www.brennancenter.org/sites/default/files/2025-01/webster-v-rhs-281-american-historians.pdf"" target=""blank"">Brief of 281 American Historians as Amici Curiae Supporting Appellees</a>","Abortion Care, Due Process Clause, Equal Protection Clause, 14th Amendment, Privacy, Reproductive Rights"
Reproductive Rights,Planned Parenthood of Southeastern Pennsylvania v. Casey,1992,"Two hundred fifty scholars of American history filed a <a href=""https://www.brennancenter.org/sites/default/files/2025-01/planned-parenthood-v-casey-american-historians.pdf"" target=""blank"">brief</a> in Planned Parenthood of Southeastern Pennsylvania v. Casey, a case that introduced an &quot;undue burden&quot; standard for evaluating the constitutionality of abortion restrictions. The brief - which is similar in substance to the historians' brief filed in <a href=""https://www.brennancenter.org/sites/default/files/2025-01/webster-v-rhs-281-american-historians.pdf"" target=""blank"">Webster v. Reproductive Health Services</a> (1989) - argues that a woman's right to abortion is consistent with the nation's history and tradition. The amici explain that abortion has been tolerated and legal for much of the nation's history. Any claim that &quot;abortion restrictions enjoyed broad social support in past eras,&quot; they emphasize is historically inaccurate.","<a href=""https://www.brennancenter.org/sites/default/files/2025-01/planned-parenthood-v-casey-american-historians.pdf"" target=""blank"">Brief of 250 American Historians as Amici Curiae in Support of Planned Parenthood of Southeastern Pennsylvania</a>","Abortion Care, Due Process Clause, Equal Protection Clause, 14th Amendment, Privacy, Reproductive Rights"
Reproductive Rights,Whole Woman's Health v. Hellerstedt,2016,"Sixteen historians whose research focuses on the lives of women filed a <a href=""https://www.brennancenter.org/sites/default/files/2025-03/whole-women-s-health-v-cole-historians.pdf"" target=""blank"">brief</a> in Whole Woman's Health v. Hellerstedt, a case that invalidated a Texas law requiring abortion providers to have admitting privileges at local hospitals, and requiring abortion facilities to meet the standards applied to ambulatory surgical centers. The brief argues that the statute in question was part of a long tradition of laws rooted in the paternalistic doctrine of coverture, which the courts have previously struck down as unconstitutional sex discrimination. The amici urge the Supreme Court to scrutinize the law carefully to determine whether it in fact promoted women's health and at what cost to women's liberty. They emphasized that laws of this kind typically mask gender stereotypes that subordinate and harm women under the pretense of protecting them.","<a href=""https://www.brennancenter.org/sites/default/files/2025-03/whole-women-s-health-v-cole-historians.pdf"" target=""blank"">Brief of Historians as Amici Curiae in Support of Petitioners</a>","Abortion Care, 14th Amendment, Reproductive Rights, Sex Discrimination"
Reproductive Rights,Dobbs v. Jackson Women's Health Organization,2022,"The Supreme Court received multiple filings from historians in Dobbs v. Jackson Women's Health Organization, which ruled that the Constitution does not provide a right to abortion and overruled both Roe v. Wade (1973) and Planned Parenthood of Southeastern Pennsylvania v. Casey (1992).<br><br>The American Historical Association and the Organization of American Historians jointly submitted a <a href=""https://www.brennancenter.org/sites/default/files/2025-01/dobbs-v-jackson-aha-and-oah.pdf"" target=""blank"">brief</a> in support of abortion providers. The brief describes the history of abortion regulations through the end of the 19th century to demonstrate that American history and tradition include a woman's ability to make decisions regarding abortion. Among other things, the amici explain that English common law - which did not recognize or regulate abortion until &quot;quickening&quot; (i.e., when a pregnant woman first feels fetal movement) - influenced U.S. state laws prior to the 14th Amendment's ratification in 1868. At that time, the brief shows, nearly half of the states allowed pre-quickening abortions or imposed lighter punishments for them.<br><br><a href=""https://www.brennancenter.org/sites/default/files/2025-01/dobbs-v-jackson-aha-and-oah.pdf"" target=""blank"">Brief for Amici Curiae American Historical Association and Organization of American Historians in Support of Respondents</a><br><br>The American Society for Legal History and 23 historians with expertise in the law, history, and politics of reproduction filed a <a href=""https://www.brennancenter.org/sites/default/files/2025-01/dobbs-v-jackson-american-society-for-legal-history-and-other-scholars.pdf"" target=""blank"">brief</a> in support of abortion providers. According to the amici, claims that Roe &quot;drove the division and polarization around abortion&quot; are historically inaccurate. The brief explores developments straddling the Court's issuance of Roe to explain that conflicts misattributed by right-wing lawyers to Roe either predated that decision or emerged later in response to other forces, such as the realignment of political parties in the late 20th century.","<a href=""https://www.brennancenter.org/sites/default/files/2025-01/dobbs-v-jackson-american-society-for-legal-history-and-other-scholars.pdf"" target=""blank"">Brief for Amici Curiae American Society for Legal History and Other Scholars with Expertise in the Law, History and Politics of Reproduction in the United States in Support of Respondents</a>","Abortion Care, Due Process Clause, 14th Amendment, Privacy, Reproductive Rights"
Reproductive Rights,Vieth v. Jubelirer,2004,"Four historians of early American constitutional history and political representation filed a <a href=""https://www.brennancenter.org/media/13984/download/vieth-v-jubelirer-rakove-keyssar-zagarri.pdf?inline=1"" target=""blank"">brief</a> in Vieth v. Jubelirer, a case that considered but left open the question of partisan gerrymandering's constitutionality. The brief argues that partisan gerrymandering contradicts the founding era principle of fair representation that underpinned the framers' design of Article I of the Constitution. As the amici explain, the framers believed that politicians should not be able to manipulate the composition of the House of Representatives and sought to ensure that the House &quot;mirrored&quot; the composition of the community it represented. According to the brief, redistricting practices that allow parties to create safe seats for themselves or to convert a minority of votes into a supermajority of seats are therefore unconstitutional.","<a href=""https://www.brennancenter.org/media/13984/download/vieth-v-jubelirer-rakove-keyssar-zagarri.pdf?inline=1"" target=""blank"">Brief of Amici Curiae Jack N. Rakove, Alexander Keyssar, Peter S. Onuf and Rosemarie Zagarri in Support of Appellants</a>","Article I, Democracy, Elections, Partisan Gerrymandering, Redistricting, Voting Rights and Representation"
Reproductive Rights,Shelby County v. Holder,2013,"Thirty historians and scholars of the civil rights era filed a <a href=""https://www.brennancenter.org/media/14025/download/shelby-county-alabama-v-holder-historians-and-social-scientists.pdf?inline=1"" target=""blank"">brief</a> in Shelby County v. Holder, a case in which the Supreme Court invalidated the formula used to determine the jurisdictions covered by Section 5 of the Voting Rights Act of 1965. The brief argues, among other things, that Congress acted consistently with the VRA's original purposes when, in 2006, it reauthorized the VRA with a focus on unwinding &quot;second-generation tactics&quot; that discriminated against minority voters in ways beyond denying those voters access to the ballot box. The amici assert that the VRA's most recent coverage formula was as precise as any that the Court previously upheld.",,"Article IV, Democracy, Elections, 15th Amendment, 14th Amendment, 10th Amendment, Voting Rights Act, Voting Rights and Representation"
Reproductive Rights,Arizona State Legislature v. Arizona Independent Redistricting Commission,2015,"The Supreme Court received multiple filings from historians in Arizona State Legislature v. Arizona Independent Redistricting Commission, a case that upheld the constitutionality of a state independent redistricting commission's role in drawing Arizona's congressional districts.<br><br>Five historians with expertise in colonial and founding era history filed a <a href=""https://www.brennancenter.org/sites/default/files/legal-work/AZ%20Amicus%20of%20Rakove.pdf"" target=""blank"">brief</a> in support of the commission's role. The brief explains, among other things, that the ballot initiative process through which Arizona voters created the commission was consistent with founding era ideas about popular sovereignty and the legislative power of the people as distinct from their legislators.<br><br><a href=""https://www.brennancenter.org/sites/default/files/legal-work/AZ%20Amicus%20of%20Rakove.pdf"" target=""blank"">Brief of Jack N. Rakove, Richard R. Beeman, Alexander Keyssar, Peter S. Onuf, and Rosemarie Zagarri as Amici Curiae in Support of Appellees</a><br><br>Three scholars and historians of congressional redistricting also filed a <a href=""https://www.brennancenter.org/sites/default/files/2026-03/arizona-state-legislature-v-arizona-independent-redistricting-commission-scholars-and-historians.pdf"" target=""blank"">brief </a>in support of the commission. The brief argues that the Court should have resolved the case on statutory rather than constitutional grounds. The amici include a detailed discussion of the legislative history of the statute now codified at 2 U.S.C. § 2a(c), arguing that Congress enacted it to empower states to redistrict according to their own specific lawmaking procedures. In doing so, the brief explains, Congress was lawfully exercising its power under the Constitution's Elections Clause to set the rules for federal elections.",Brief of Scholars and Historians of Congressional Redistricting as Amici Curiae in Support of Appellees,"Democracy, Elections, Redistricting, Voting Rights and Representation"
Reproductive Rights,Gill v. Whitford,2018,"Fifteen scholars of American history filed a <a href=""https://www.brennancenter.org/sites/default/files/2025-01/gill-v-whitford.pdf"" target=""blank"">brief</a> in Gill v. Whitford, a case that considered the constitutionality of partisan gerrymandering. The brief argues that the founding ideal of representative democracy requires a close correspondence between the public and their elected officials, and that partisan gerrymandering severs that correspondence by entrenching officials' power and undermining their political accountability. The amici explain that the 1st and 14th Amendments both reflect that vision of representative democracy and protect rights necessary to sustain it. They also document that partisan gerrymandering has been denounced as unconstitutional and antidemocratic throughout American history.","<a href=""https://www.brennancenter.org/sites/default/files/2025-01/gill-v-whitford.pdf"" target=""blank"">Brief of Amici Curiae Historians in Support of Appellees</a>","Democracy, Elections, First Amendment, 14th Amendment, Partisan Gerrymandering, Redistricting, Voting Rights and Representation"
Reproductive Rights,Husted v. A. Philip Randolph Institute,2018,"Ten historians with expertise in voting rights and U.S. elections filed a <a href=""https://www.brennancenter.org/media/14031/download/husted-v-a-philip-randolph-inst-american-history-professors.pdf?inline=1"" target=""blank"">brief</a> in Husted v. A. Philip Randolph Institute, in which the Supreme Court declared that Ohio's practice of canceling the registrations of nonvoters did not violate the National Voter Registration Act of 1993 (NVRA). The brief argues that Ohio's procedure is illegal. It explains that states began purging nonvoters in the early 20th century to maintain accurate voter registration lists, but that over time, both the states and Congress came to see this practice as ineffective and unfair, potentially contributing to low turnout and disproportionately burdening lower-income and minority voters. The amici further show that the NVRA prohibited removal &quot;by reason of the person's failure to vote&quot; to encourage states to use more precise and less discriminatory methods for identifying ineligible voters, and that the Department of Justice acted accordingly until recently.","<a href=""https://www.brennancenter.org/media/14031/download/husted-v-a-philip-randolph-inst-american-history-professors.pdf?inline=1"" target=""blank"">Brief for American History Professors as Amici Curiae in Support of Respondents</a>","Democracy, Elections, National Voter Registration Act, Voting Rights and Representation"
Reproductive Rights,Rucho v. Common Cause (2019); Lamone v. Benisek,2019,"Sixteen founding era historians filed a <a href=""https://www.brennancenter.org/sites/default/files/2025-01/rucho-v-common-cause-lamone-v-benisek-brief-of-historians.pdf"" target=""blank"">brief</a> in Rucho v. Common Cause and Lamone v. Benisek, two cases that considered the constitutionality of partisan gerrymandering. The brief argues that partisan gerrymandering is antithetical to the founding era principle of fair and effective representation. As the amici explain, the 1st and 14th Amendments and Article I of the Constitution reflect founding era concerns that legislators would entrench their power by manipulating election rules and stifling political expression. Likewise, the brief shows, the framers empowered the federal judiciary to counter legislative overreach, and voters should therefore have judicial remedies against partisan gerrymandering. The amici underscore that the constitutional question in these cases did not turn on the Constitution's text but rather on &quot;fundamental substantive founding principles.&quot;","<a href=""https://www.brennancenter.org/sites/default/files/2025-01/rucho-v-common-cause-lamone-v-benisek-brief-of-historians.pdf"" target=""blank"">Brief of Amici Curiae Historians in Support of Appellees</a>","Article I, Article III, Democracy, Elections, First Amendment, 14th Amendment, Partisan Gerrymandering, Redistricting, Voting Rights and Representation"
Reproductive Rights,Allen v. Milligan,2023,"Ten scholars of Alabama history filed a <a href=""https://www.brennancenter.org/sites/default/files/2022-09/20220718165637202_2022-07-18%20Merrill%20Amici%20Brief%20Final%20AL%20historians.pdf"" target=""blank"">brief</a> in Allen v. Milligan, which ruled that Alabama's 2021 congressional redistricting plan likely violated Section 2 of the Voting Rights Act. The brief explains that Alabama's &quot;Black Belt region&quot; - a majority-Black part of the state - is a &quot;community of interest&quot; that should be prioritized when the state's electoral districts are drawn. To illustrate that residents of the Black Belt have a shared history going back two centuries, the amici document the region's roots in slavery and describe the economic hardship, exclusion from social services, and other discrimination that Black Belt residents have historically faced.","<a href=""https://www.brennancenter.org/sites/default/files/2022-09/20220718165637202_2022-07-18%20Merrill%20Amici%20Brief%20Final%20AL%20historians.pdf"" target=""blank"">Brief for Alabama Historians as Amici Curiae Supporting Appellee-Respondents</a>","Democracy, Elections, Redistricting, Voting Rights Act, Voting Rights and Representation"
Reproductive Rights,Moore v. Harper,2023,"The Supreme Court received multiple filings from historians in Moore v. Harper, which rejected the so-called independent state legislature theory - a novel, fringe interpretation of the Constitution's Elections Clause that would have allowed state legislatures to regulate federal elections without any of the traditional checks and balances on their lawmaking power.<br><br>Ten scholars of early American history filed a <a href=""https://www.brennancenter.org/sites/default/files/2022-10/2022.10.26_Amicus%20Brief%20of%20Founding%20Era%20Scholars%2021-1271.pdf"" target=""blank"">brief</a> to demonstrate that the independent state legislature theory is implausible as a historical matter. According to the amici, no evidence suggests that the framers believed in the theory, nor is it plausible that the framers would have endorsed it had they been presented with it. The brief emphasizes that the framers were wary of unchecked legislative power, and that they created the Elections Clause to limit out-of-control state legislatures.<br><br><a href=""https://www.brennancenter.org/sites/default/files/2022-10/2022.10.26_Amicus%20Brief%20of%20Founding%20Era%20Scholars%2021-1271.pdf"" target=""blank"">Brief for Amici Curiae Scholars of the Founding Era in Support of Respondents</a><br><br>A scholar of the history of judicial review filed a <a href=""https://www.brennancenter.org/sites/default/files/2022-10/2022.10.26_Amicus%20Brief%20for%20William%20M%20Treanor%20iso%20Respondents.pdf"" target=""blank"">brief</a> challenging the independent state legislature theory. The brief explains that judicial review - including review of state legislation for compliance with state constitutions - was well established in the founding era and was implicit in the framers' ideas of constitutionalism. Consequently, the brief concludes, the original meaning of the Elections Clause would permit state courts to review the laws that their legislatures make for federal elections.",Brief of William M. Treanor as Amicus Curiae in Support of Respondents,"Democracy, Elections, Elections Clause, Judicial Review, Voting Rights and Representation"
Reproductive Rights,Alexander v. South Carolina State Conference of the NAACP,2024,"Thirty historians and legal scholars of the American South filed a <a href=""https://www.brennancenter.org/sites/default/files/2024-06/alexander-v-south-carolina-state-conference-of-the-naacp-historians.pdf"" target=""blank"">brief</a> in Alexander v. South Carolina State Conference of the NAACP, a case that rejected a racial gerrymandering challenge to South Carolina's congressional map. Supporting the conclusion that the map racially discriminated against Black voters, the brief surveys the long history of racial discrimination in South Carolina politics aimed at diminishing the power of Black voters. The amici also position the 2020 round of congressional redistricting as the latest instance in a recurring pattern of discrimination against Black voters dating back to Reconstruction.","<a href=""https://www.brennancenter.org/sites/default/files/2024-06/alexander-v-south-carolina-state-conference-of-the-naacp-historians.pdf"" target=""blank"">Brief of Amici Curiae Historians in Support of Appellees and Affirmance</a>","Democracy, Elections, Racial Gerrymandering, Redistricting, Voting Rights and Representation"
Reproductive Rights,Trump v. Anderson,2024,"The Supreme Court received multiple filings from historians in Trump v. Anderson, a case that reversed a Colorado state court ruling removing Donald Trump from the state's 2024 presidential primary ballot under Section 3 of the 14th Amendment.<br><br>Four historians of federal constitutional amendments, the laws of war, and the Civil War and Reconstruction filed a <a href=""https://www.brennancenter.org/sites/default/files/2024-06/trump-v-anderson-american-historians.pdf"" target=""blank"">brief</a> arguing that the original intent, meaning, and public understanding of Section 3 supports Trump's removal. According to the brief, Congress crafted Section 3 to ensure the republic's continued security by automatically disqualifying any individual who has engaged in an insurrection against the Constitution and barring from the presidency anyone who betrayed a constitutional oath. The amici couch their analysis in a historical narrative that begins with Lincoln's election in 1860.<br><br><a href=""https://www.brennancenter.org/sites/default/files/2024-06/trump-v-anderson-american-historians.pdf"" target=""blank"">Brief of Amici Curiae American Historians in Support of Respondents</a><br><br>Twenty-five historians of the Civil War and Reconstruction filed a <a href=""https://www.brennancenter.org/sites/default/files/2024-06/trump-v-anderson-professors-orville-vernon-burton-et-al.pdf"" target=""blank"">brief</a> supporting Trump's removal. The brief surveys the history surrounding the ratification of the 14th Amendment to argue that Congress intended Section 3 to serve as &quot;an enduring check on insurrection,&quot; including insurrection carried out by the sitting president. The amici also argue that Section 3 is self-executing, requiring no additional congressional action once enacted.<br><br><a href=""https://www.brennancenter.org/sites/default/files/2024-06/trump-v-anderson-professors-orville-vernon-burton-et-al.pdf"" target=""blank"">Brief for Professors Orville Vernon Burton, Allan J, Lichtman, Nell Irwin Painter, James M. McPherson, Manisha Sinha, et al. as Amici Curiae in Support of Respondents</a><br><br>A historian of the 20th Amendment filed a <a href=""https://www.brennancenter.org/sites/default/files/2024-06/trump-v-anderson-edward-larson.pdf"" target=""blank"">brief</a> supporting Trump's disqualification. The brief argues that the 20th Amendment's original public meaning does not prohibit states from disqualifying a presidential candidate prior to an election and gives Congress no power to determine whether presidential candidates are qualified.","<a href=""https://www.brennancenter.org/sites/default/files/2024-06/trump-v-anderson-edward-larson.pdf"" target=""blank"">Brief of Professor Edward J. Larson as Amicus Curiae Supporting the Anderson Respondents</a>","Democracy, Elections, 14th Amendment, 20th Amendment"
Reproductive Rights,Louisiana v. Callais (2026); Robinson v. Callais,2026,"Three historians with expertise in the history of Louisiana and the American South filed a <a href=""https://www.brennancenter.org/media/14038/download/louisiana-v-callais-louisiana-historians.pdf?inline=1"" target=""blank"">brief</a> in Louisiana v. Callais and Robinson v. Callais, two cases that considered whether a remedial congressional map for Louisiana was an unconstitutional racial gerrymander. In supporting the creation of a second majority-Black congressional district, the brief argues that the district encompassed a well-established community of interest united by a shared history and common needs, including a common lineage of slavery. The amici further show that the residents of the district experience hardships stemming from their shared experiences of racial discrimination.","<a href=""https://www.brennancenter.org/media/14038/download/louisiana-v-callais-louisiana-historians.pdf?inline=1"" target=""blank"">Brief for Louisiana Historians as Amici Curiae Supporting Appellants</a>","Democracy, Elections, Racial Gerrymandering, Redistricting, Voting Rights Act, Voting Rights and Representation"
